TIME_PERIOD,REF_AREA,FREQ,MEASURE,UNIT_MEASURE,ACTIVITY,ADJUSTMENT,TRANSFORMATION,OBS_VALUE
2001,GRC,A,IRLT,PA,_Z,_Z,_Z,5.30416666666667
2001,HUN,A,UNEMP,PT_LF,_T,Y,_Z,5.575
2006,AUS,A,UNEMP,PT_LF,_T,Y,_Z,4.785239725
2005,AUS,A,UNEMP,PT_LF,_T,Y,_Z,5.03388074166667
2004,AUS,A,UNEMP,PT_LF,_T,Y,_Z,5.39673355
2021,HRV,A,UNEMP,PT_LF,_T,Y,_Z,7.5
2020,HRV,A,UNEMP,PT_LF,_T,Y,_Z,7.6499999999999995
2019,HRV,A,UNEMP,PT_LF,_T,Y,_Z,6.566666666666666
2022,AUS,A,UNEMP,PT_LF,_T,Y,_Z,3.724859033333333
2021,AUS,A,UNEMP,PT_LF,_T,Y,_Z,5.1402225249999995
2020,AUS,A,UNEMP,PT_LF,_T,Y,_Z,6.442963916666666
2019,AUS,A,UNEMP,PT_LF,_T,Y,_Z,5.164947325
2018,AUS,A,UNEMP,PT_LF,_T,Y,_Z,5.308814958333333
2017,AUS,A,UNEMP,PT_LF,_T,Y,_Z,5.606331333333334
2016,AUS,A,UNEMP,PT_LF,_T,Y,_Z,5.714148675
2015,AUS,A,UNEMP,PT_LF,_T,Y,_Z,6.05642340833333
2014,AUS,A,UNEMP,PT_LF,_T,Y,_Z,6.07724431666667
2013,AUS,A,UNEMP,PT_LF,_T,Y,_Z,5.6619398
2012,AUS,A,UNEMP,PT_LF,_T,Y,_Z,5.22337585833333
2000,AUS,A,IRLT,PA,_Z,_Z,_Z,6.31456933441667
2024,AUS,A,UNEMP,PT_LF,_T,Y,_Z,4.016832174999999
2023,AUS,A,UNEMP,PT_LF,_T,Y,_Z,3.687518966666667
2023,AUS,A,IRLT,PA,_Z,_Z,_Z,3.942166666666667
2022,AUS,A,IRLT,PA,_Z,_Z,_Z,3.1965000000000003
2021,AUS,A,IRLT,PA,_Z,_Z,_Z,1.47975
2020,AUS,A,IRLT,PA,_Z,_Z,_Z,0.9201666666666665
2019,AUS,A,IRLT,PA,_Z,_Z,_Z,1.497083333333333
2018,AUS,A,IRLT,PA,_Z,_Z,_Z,2.6816666666666666
2017,AUS,A,IRLT,PA,_Z,_Z,_Z,2.6412500000000008
2016,AUS,A,IRLT,PA,_Z,_Z,_Z,2.34083333333333
2015,AUS,A,IRLT,PA,_Z,_Z,_Z,2.7204999999999995
2014,AUS,A,IRLT,PA,_Z,_Z,_Z,3.66383333333333
2013,AUS,A,IRLT,PA,_Z,_Z,_Z,3.72304166666667
2012,AUS,A,IRLT,PA,_Z,_Z,_Z,3.37916666666667
2011,AUS,A,IRLT,PA,_Z,_Z,_Z,4.87958333333333
2010,AUS,A,IRLT,PA,_Z,_Z,_Z,5.36604166666667
2009,AUS,A,IRLT,PA,_Z,_Z,_Z,5.03951184208334
2008,AUS,A,IRLT,PA,_Z,_Z,_Z,5.81794393966667
2007,AUS,A,IRLT,PA,_Z,_Z,_Z,5.99452083733333
2006,AUS,A,IRLT,PA,_Z,_Z,_Z,5.58787224425
2005,AUS,A,IRLT,PA,_Z,_Z,_Z,5.33997311391667
2004,AUS,A,IRLT,PA,_Z,_Z,_Z,5.5907745075
2003,AUS,A,IRLT,PA,_Z,_Z,_Z,5.36677549766667
2002,AUS,A,IRLT,PA,_Z,_Z,_Z,5.84395771116667
2000,AUT,A,IRLT,PA,_Z,_Z,_Z,5.5554
2024,AUT,A,UNEMP,PT_LF,_T,Y,_Z,5.175
2023,AUT,A,UNEMP,PT_LF,_T,Y,_Z,5.1083333333333325
2006,AUT,A,UNEMP,PT_LF,_T,Y,_Z,5.64166666666667
2003,AUS,A,UNEMP,PT_LF,_T,Y,_Z,5.92842029166667
2002,AUS,A,UNEMP,PT_LF,_T,Y,_Z,6.36891133333333
2001,AUS,A,UNEMP,PT_LF,_T,Y,_Z,6.74217304166667
2000,AUS,A,UNEMP,PT_LF,_T,Y,_Z,6.28554620833333
2017,AUT,A,UNEMP,PT_LF,_T,Y,_Z,5.925
2016,AUT,A,UNEMP,PT_LF,_T,Y,_Z,6.45
2015,AUT,A,UNEMP,PT_LF,_T,Y,_Z,6.15
2014,AUT,A,UNEMP,PT_LF,_T,Y,_Z,6.03333333333333
2013,AUT,A,UNEMP,PT_LF,_T,Y,_Z,5.725
2012,AUT,A,UNEMP,PT_LF,_T,Y,_Z,5.19166666666667
2011,AUT,A,UNEMP,PT_LF,_T,Y,_Z,4.9
2010,AUT,A,UNEMP,PT_LF,_T,Y,_Z,5.19166666666667
2009,AUT,A,UNEMP,PT_LF,_T,Y,_Z,5.66666666666667
2008,AUT,A,UNEMP,PT_LF,_T,Y,_Z,4.44166666666667
2007,AUT,A,UNEMP,PT_LF,_T,Y,_Z,5.21666666666667
2024,AUT,A,IRLT,PA,_Z,_Z,_Z,2.842708333333333
2023,AUT,A,IRLT,PA,_Z,_Z,_Z,3.0826750000000005
2022,AUT,A,IRLT,PA,_Z,_Z,_Z,1.71115
2021,AUT,A,IRLT,PA,_Z,_Z,_Z,-0.0853833333333334
2020,AUT,A,IRLT,PA,_Z,_Z,_Z,-0.22485
2019,AUT,A,IRLT,PA,_Z,_Z,_Z,0.0629333333333334
2018,AUT,A,IRLT,PA,_Z,_Z,_Z,0.686158333333333
2017,AUT,A,IRLT,PA,_Z,_Z,_Z,0.583283333333333
2016,AUT,A,IRLT,PA,_Z,_Z,_Z,0.375383333333333
2015,AUT,A,IRLT,PA,_Z,_Z,_Z,0.747041666666667
2014,AUT,A,IRLT,PA,_Z,_Z,_Z,1.48729166666667
2013,AUT,A,IRLT,PA,_Z,_Z,_Z,2.01075833333333
2012,AUT,A,IRLT,PA,_Z,_Z,_Z,2.371175
2011,AUT,A,IRLT,PA,_Z,_Z,_Z,3.31965833333333
2010,AUT,A,IRLT,PA,_Z,_Z,_Z,3.22638333333333
2009,AUT,A,IRLT,PA,_Z,_Z,_Z,3.93763333333333
2008,AUT,A,IRLT,PA,_Z,_Z,_Z,4.358525
2007,AUT,A,IRLT,PA,_Z,_Z,_Z,4.29708333333333
2006,AUT,A,IRLT,PA,_Z,_Z,_Z,3.80084166666667
2005,AUT,A,IRLT,PA,_Z,_Z,_Z,3.39373333333333
2004,AUT,A,IRLT,PA,_Z,_Z,_Z,4.13089166666667
2003,AUT,A,IRLT,PA,_Z,_Z,_Z,4.14086666666667
2002,AUT,A,IRLT,PA,_Z,_Z,_Z,4.9638
2000,BEL,A,IRLT,PA,_Z,_Z,_Z,5.5925
2024,BEL,A,UNEMP,PT_LF,_T,Y,_Z,5.7
2023,BEL,A,UNEMP,PT_LF,_T,Y,_Z,5.524999999999999
2006,BEL,A,UNEMP,PT_LF,_T,Y,_Z,8.25
2005,BEL,A,UNEMP,PT_LF,_T,Y,_Z,8.43333333333333
2004,BEL,A,UNEMP,PT_LF,_T,Y,_Z,8.39166666666667
2003,BEL,A,UNEMP,PT_LF,_T,Y,_Z,8.175
2002,BEL,A,UNEMP,PT_LF,_T,Y,_Z,7.525
2001,BEL,A,UNEMP,PT_LF,_T,Y,_Z,6.59166666666667
2000,BEL,A,UNEMP,PT_LF,_T,Y,_Z,6.875
2022,BEL,A,UNEMP,PT_LF,_T,Y,_Z,5.575
2021,BEL,A,UNEMP,PT_LF,_T,Y,_Z,6.275
2020,BEL,A,UNEMP,PT_LF,_T,Y,_Z,5.54166666666667
2019,BEL,A,UNEMP,PT_LF,_T,Y,_Z,5.36666666666667
2018,BEL,A,UNEMP,PT_LF,_T,Y,_Z,5.95833333333333
2017,BEL,A,UNEMP,PT_LF,_T,Y,_Z,7.1
2016,BEL,A,UNEMP,PT_LF,_T,Y,_Z,7.85
2015,BEL,A,UNEMP,PT_LF,_T,Y,_Z,8.65
2014,BEL,A,UNEMP,PT_LF,_T,Y,_Z,8.65
2013,BEL,A,UNEMP,PT_LF,_T,Y,_Z,8.55
2012,BEL,A,UNEMP,PT_LF,_T,Y,_Z,7.63333333333333
2011,BEL,A,UNEMP,PT_LF,_T,Y,_Z,7.21666666666667
2011,AUS,A,UNEMP,PT_LF,_T,Y,_Z,5.08119518333333
2010,AUS,A,UNEMP,PT_LF,_T,Y,_Z,5.21334044166667
2009,AUS,A,UNEMP,PT_LF,_T,Y,_Z,5.56038543333333
2008,AUS,A,UNEMP,PT_LF,_T,Y,_Z,4.23432970833333
2007,AUS,A,UNEMP,PT_LF,_T,Y,_Z,4.37915150833333
2024,AUS,A,IRLT,PA,_Z,_Z,_Z,4.2097500000000005
2010,BEL,A,IRLT,PA,_Z,_Z,_Z,3.4625
2009,BEL,A,IRLT,PA,_Z,_Z,_Z,3.90166666666667
2008,BEL,A,IRLT,PA,_Z,_Z,_Z,4.4175
2007,BEL,A,IRLT,PA,_Z,_Z,_Z,4.32833333333333
2006,BEL,A,IRLT,PA,_Z,_Z,_Z,3.815
2005,BEL,A,IRLT,PA,_Z,_Z,_Z,3.42833333333333
2004,BEL,A,IRLT,PA,_Z,_Z,_Z,4.1525
2003,BEL,A,IRLT,PA,_Z,_Z,_Z,4.18083333333333
2002,BEL,A,IRLT,PA,_Z,_Z,_Z,4.98666666666667
2000,CAN,A,UNEMP,PT_LF,_T,Y,_Z,6.81666666666667
2024,CAN,A,IRLT,PA,_Z,_Z,_Z,3.3398444121667814
2023,CAN,A,IRLT,PA,_Z,_Z,_Z,3.360639308250866
2006,CAN,A,IRLT,PA,_Z,_Z,_Z,4.207759697332923
2005,CAN,A,IRLT,PA,_Z,_Z,_Z,4.066929292929292
2004,CAN,A,IRLT,PA,_Z,_Z,_Z,4.579606758579584
2003,CAN,A,IRLT,PA,_Z,_Z,_Z,4.810544562162985
2002,CAN,A,IRLT,PA,_Z,_Z,_Z,5.2909071067821065
2001,CAN,A,IRLT,PA,_Z,_Z,_Z,5.48027224310777
2000,CAN,A,IRLT,PA,_Z,_Z,_Z,5.92541187165873
2022,CAN,A,IRLT,PA,_Z,_Z,_Z,2.7685795797134483
2021,CAN,A,IRLT,PA,_Z,_Z,_Z,1.358811126548255
2020,CAN,A,IRLT,PA,_Z,_Z,_Z,0.7531086618060302
2019,CAN,A,IRLT,PA,_Z,_Z,_Z,1.5887419210906044
2018,CAN,A,IRLT,PA,_Z,_Z,_Z,2.2779121098200066
2017,CAN,A,IRLT,PA,_Z,_Z,_Z,1.7836520298605532
2016,CAN,A,IRLT,PA,_Z,_Z,_Z,1.2517575757575765
2015,CAN,A,IRLT,PA,_Z,_Z,_Z,1.5216945963393333
2014,CAN,A,IRLT,PA,_Z,_Z,_Z,2.230830257461836
2013,CAN,A,IRLT,PA,_Z,_Z,_Z,2.2619587605377083
2012,CAN,A,IRLT,PA,_Z,_Z,_Z,1.8734101256930218
2011,CAN,A,IRLT,PA,_Z,_Z,_Z,2.7830361208521954
2010,CAN,A,IRLT,PA,_Z,_Z,_Z,3.2351399665996348
2009,CAN,A,IRLT,PA,_Z,_Z,_Z,3.230618895724159
2008,CAN,A,IRLT,PA,_Z,_Z,_Z,3.6053023942431843
2007,CAN,A,IRLT,PA,_Z,_Z,_Z,4.26976742993848
2024,CAN,A,UNEMP,PT_LF,_T,Y,_Z,6.3500000000000005
2023,CAN,A,UNEMP,PT_LF,_T,Y,_Z,5.383333333333334
2022,CAN,A,UNEMP,PT_LF,_T,Y,_Z,5.275
2021,CAN,A,UNEMP,PT_LF,_T,Y,_Z,7.533333333333333
2020,CAN,A,UNEMP,PT_LF,_T,Y,_Z,9.69166666666667
2019,CAN,A,UNEMP,PT_LF,_T,Y,_Z,5.683333333333334
2018,CAN,A,UNEMP,PT_LF,_T,Y,_Z,5.841666666666668
2017,CAN,A,UNEMP,PT_LF,_T,Y,_Z,6.433333333333334
2016,CAN,A,UNEMP,PT_LF,_T,Y,_Z,7.0666666666666655
2015,CAN,A,UNEMP,PT_LF,_T,Y,_Z,7
2014,CAN,A,UNEMP,PT_LF,_T,Y,_Z,7.041666666666666
2013,CAN,A,UNEMP,PT_LF,_T,Y,_Z,7.166666666666667
2012,CAN,A,UNEMP,PT_LF,_T,Y,_Z,7.416666666666667
2011,CAN,A,UNEMP,PT_LF,_T,Y,_Z,7.641666666666666
2010,CAN,A,UNEMP,PT_LF,_T,Y,_Z,8.175
2009,CAN,A,UNEMP,PT_LF,_T,Y,_Z,8.45
2008,CAN,A,UNEMP,PT_LF,_T,Y,_Z,6.29166666666667
2007,CAN,A,UNEMP,PT_LF,_T,Y,_Z,6.16666666666667
2006,CAN,A,UNEMP,PT_LF,_T,Y,_Z,6.46666666666667
2005,CAN,A,UNEMP,PT_LF,_T,Y,_Z,6.75833333333333
2004,CAN,A,UNEMP,PT_LF,_T,Y,_Z,7.19166666666667
2003,CAN,A,UNEMP,PT_LF,_T,Y,_Z,7.575
2002,CAN,A,UNEMP,PT_LF,_T,Y,_Z,7.675
2005,CHL,A,IRLT,PA,_Z,_Z,_Z,6.006973103621354
2024,CHL,A,UNEMP,PT_LF,_T,Y,_Z,8.462000255549642
2023,CHL,A,UNEMP,PT_LF,_T,Y,_Z,8.681177834205096
2006,CHL,A,UNEMP,PT_LF,_T,Y,_Z,7.8
2005,CHL,A,UNEMP,PT_LF,_T,Y,_Z,9.235
2004,CHL,A,UNEMP,PT_LF,_T,Y,_Z,10.0075
2003,CHL,A,UNEMP,PT_LF,_T,Y,_Z,9.54
2002,CHL,A,UNEMP,PT_LF,_T,Y,_Z,9.805
2001,CHL,A,UNEMP,PT_LF,_T,Y,_Z,9.8525
2000,CHL,A,UNEMP,PT_LF,_T,Y,_Z,9.6675
2022,CHL,A,UNEMP,PT_LF,_T,Y,_Z,7.878028038869055
2021,CHL,A,UNEMP,PT_LF,_T,Y,_Z,8.861450621078715
2020,CHL,A,UNEMP,PT_LF,_T,Y,_Z,10.77024455383019
2019,CHL,A,UNEMP,PT_LF,_T,Y,_Z,7.222639574181943
2018,CHL,A,UNEMP,PT_LF,_T,Y,_Z,7.376638976559269
2017,CHL,A,UNEMP,PT_LF,_T,Y,_Z,6.96517462475981
2016,CHL,A,UNEMP,PT_LF,_T,Y,_Z,6.684912976319645
2015,CHL,A,UNEMP,PT_LF,_T,Y,_Z,6.328376849984235
2014,CHL,A,UNEMP,PT_LF,_T,Y,_Z,6.495095701153517
2013,CHL,A,UNEMP,PT_LF,_T,Y,_Z,6.082219565888405
2012,CHL,A,UNEMP,PT_LF,_T,Y,_Z,6.545560819096639
2011,CHL,A,UNEMP,PT_LF,_T,Y,_Z,7.125
2010,CHL,A,UNEMP,PT_LF,_T,Y,_Z,8.15
2009,CHL,A,UNEMP,PT_LF,_T,Y,_Z,9.675
2008,CHL,A,UNEMP,PT_LF,_T,Y,_Z,7.7925
2007,CHL,A,UNEMP,PT_LF,_T,Y,_Z,7.13
2024,CHL,A,IRLT,PA,_Z,_Z,_Z,5.78893759968102
2023,CHL,A,IRLT,PA,_Z,_Z,_Z,5.655799479799437
2022,CHL,A,IRLT,PA,_Z,_Z,_Z,6.260022348838503
2021,CHL,A,IRLT,PA,_Z,_Z,_Z,4.361590093668093
2020,CHL,A,IRLT,PA,_Z,_Z,_Z,2.7985631463412317
2019,CHL,A,IRLT,PA,_Z,_Z,_Z,3.577886623333134
2018,CHL,A,IRLT,PA,_Z,_Z,_Z,4.497857280023847
2017,CHL,A,IRLT,PA,_Z,_Z,_Z,4.244958345179341
2016,CHL,A,IRLT,PA,_Z,_Z,_Z,4.405276824440056
2015,CHL,A,IRLT,PA,_Z,_Z,_Z,4.480221464463689
2014,CHL,A,IRLT,PA,_Z,_Z,_Z,4.736615266979671
2013,CHL,A,IRLT,PA,_Z,_Z,_Z,5.308737146188217
2012,CHL,A,IRLT,PA,_Z,_Z,_Z,5.4255705415629345
2011,CHL,A,IRLT,PA,_Z,_Z,_Z,5.969644615918043
2010,CHL,A,IRLT,PA,_Z,_Z,_Z,6.252874114851377
2009,CHL,A,IRLT,PA,_Z,_Z,_Z,5.665295275370866
2008,CHL,A,IRLT,PA,_Z,_Z,_Z,6.94509272517411
2007,CHL,A,IRLT,PA,_Z,_Z,_Z,6.082870088930899
2010,COL,A,UNEMP,PT_LF,_T,Y,_Z,11.9675
2009,COL,A,UNEMP,PT_LF,_T,Y,_Z,12.2158333333333
2008,COL,A,UNEMP,PT_LF,_T,Y,_Z,11.39
2009,COL,A,IRLT,PA,_Z,_Z,_Z,9.469166666666666
2008,COL,A,IRLT,PA,_Z,_Z,_Z,11.8925
2007,COL,A,IRLT,PA,_Z,_Z,_Z,10.048333333333334
2006,COL,A,IRLT,PA,_Z,_Z,_Z,9.155833333333332
2005,COL,A,IRLT,PA,_Z,_Z,_Z,11.555
2004,COL,A,IRLT,PA,_Z,_Z,_Z,14.34083333333333
2003,COL,A,IRLT,PA,_Z,_Z,_Z,15.188333333333334
2007,COL,A,UNEMP,PT_LF,_T,Y,_Z,11.2983333333333
2024,COL,A,IRLT,PA,_Z,_Z,_Z,10.773333333333335
2023,COL,A,IRLT,PA,_Z,_Z,_Z,11.339166666666669
2022,COL,A,IRLT,PA,_Z,_Z,_Z,11.684166666666668
2021,COL,A,IRLT,PA,_Z,_Z,_Z,7.62416666666667
2005,AUT,A,UNEMP,PT_LF,_T,Y,_Z,6.03333333333333
2004,AUT,A,UNEMP,PT_LF,_T,Y,_Z,5.89166666666667
2002,AUT,A,UNEMP,PT_LF,_T,Y,_Z,4.38333333333333
2001,AUT,A,UNEMP,PT_LF,_T,Y,_Z,3.98333333333333
2000,AUT,A,UNEMP,PT_LF,_T,Y,_Z,3.93333333333333
2022,AUT,A,UNEMP,PT_LF,_T,Y,_Z,4.75833333333333
2021,AUT,A,UNEMP,PT_LF,_T,Y,_Z,6.2
2020,AUT,A,UNEMP,PT_LF,_T,Y,_Z,6.025
2019,AUT,A,UNEMP,PT_LF,_T,Y,_Z,4.84166666666667
2018,AUT,A,UNEMP,PT_LF,_T,Y,_Z,5.20833333333333
2024,CRI,A,UNEMP,PT_LF,_T,Y,_Z,7.45244371175
2023,CRI,A,UNEMP,PT_LF,_T,Y,_Z,8.89087364125
2020,CRI,A,IRLT,PA,_Z,_Z,_Z,8.836666666666666
2019,CRI,A,IRLT,PA,_Z,_Z,_Z,10.616666666666665
2018,CRI,A,IRLT,PA,_Z,_Z,_Z,9.9625
2017,CRI,A,IRLT,PA,_Z,_Z,_Z,8.906666666666665
2016,CRI,A,IRLT,PA,_Z,_Z,_Z,8.334999999999999
2015,CRI,A,IRLT,PA,_Z,_Z,_Z,9.629999999999999
2014,CRI,A,IRLT,PA,_Z,_Z,_Z,9.836666666666664
2022,CRI,A,UNEMP,PT_LF,_T,Y,_Z,12.2188307875
2021,CRI,A,UNEMP,PT_LF,_T,Y,_Z,16.43337201
2020,CRI,A,UNEMP,PT_LF,_T,Y,_Z,19.6068848475
2019,CRI,A,UNEMP,PT_LF,_T,Y,_Z,11.755392085
2018,CRI,A,UNEMP,PT_LF,_T,Y,_Z,10.264046309
2017,CRI,A,UNEMP,PT_LF,_T,Y,_Z,9.07172439475
2016,CRI,A,UNEMP,PT_LF,_T,Y,_Z,9.5378522955
2015,CRI,A,UNEMP,PT_LF,_T,Y,_Z,9.61297364575
2014,CRI,A,UNEMP,PT_LF,_T,Y,_Z,9.61738513875
2013,CRI,A,UNEMP,PT_LF,_T,Y,_Z,9.3861625635
2012,CRI,A,UNEMP,PT_LF,_T,Y,_Z,10.171754124
2011,CRI,A,UNEMP,PT_LF,_T,Y,_Z,10.29847593575
2024,CRI,A,IRLT,PA,_Z,_Z,_Z,6.521666666666667
2023,CRI,A,IRLT,PA,_Z,_Z,_Z,8.106666666666666
2001,CZE,A,UNEMP,PT_LF,_T,Y,_Z,8.125
2000,CZE,A,UNEMP,PT_LF,_T,Y,_Z,8.775
2024,CZE,A,IRLT,PA,_Z,_Z,_Z,3.9799141887827028
2007,CZE,A,IRLT,PA,_Z,_Z,_Z,4.302214655339868
2006,CZE,A,IRLT,PA,_Z,_Z,_Z,3.7982323134467184
2005,CZE,A,IRLT,PA,_Z,_Z,_Z,3.5443901623917267
2004,CZE,A,IRLT,PA,_Z,_Z,_Z,4.820178636817549
2003,CZE,A,IRLT,PA,_Z,_Z,_Z,4.11529776602021
2002,CZE,A,IRLT,PA,_Z,_Z,_Z,4.876591212844031
2001,CZE,A,IRLT,PA,_Z,_Z,_Z,6.314695188573727
2023,CZE,A,IRLT,PA,_Z,_Z,_Z,4.43843208064349
2022,CZE,A,IRLT,PA,_Z,_Z,_Z,4.333533659195987
2021,CZE,A,IRLT,PA,_Z,_Z,_Z,1.903468270004315
2020,CZE,A,IRLT,PA,_Z,_Z,_Z,1.1287859061341934
2019,CZE,A,IRLT,PA,_Z,_Z,_Z,1.5481160086050403
2018,CZE,A,IRLT,PA,_Z,_Z,_Z,1.981123419484392
2017,CZE,A,IRLT,PA,_Z,_Z,_Z,0.9803624893823638
2016,CZE,A,IRLT,PA,_Z,_Z,_Z,0.42710851687947615
2015,CZE,A,IRLT,PA,_Z,_Z,_Z,0.5739476892146904
2014,CZE,A,IRLT,PA,_Z,_Z,_Z,1.575471165343788
2013,CZE,A,IRLT,PA,_Z,_Z,_Z,2.1118045057111074
2012,CZE,A,IRLT,PA,_Z,_Z,_Z,2.78184081858158
2011,CZE,A,IRLT,PA,_Z,_Z,_Z,3.707122499151676
2010,CZE,A,IRLT,PA,_Z,_Z,_Z,3.8854240205895247
2009,CZE,A,IRLT,PA,_Z,_Z,_Z,4.837805164334827
2008,CZE,A,IRLT,PA,_Z,_Z,_Z,4.633776640016089
2024,CZE,A,UNEMP,PT_LF,_T,Y,_Z,2.7750000000000004
2023,CZE,A,UNEMP,PT_LF,_T,Y,_Z,2.633333333333333
2022,CZE,A,UNEMP,PT_LF,_T,Y,_Z,2.4
2021,CZE,A,UNEMP,PT_LF,_T,Y,_Z,2.80833333333333
2020,CZE,A,UNEMP,PT_LF,_T,Y,_Z,2.55
2019,CZE,A,UNEMP,PT_LF,_T,Y,_Z,2.01666666666667
2018,CZE,A,UNEMP,PT_LF,_T,Y,_Z,2.26666666666667
2017,CZE,A,UNEMP,PT_LF,_T,Y,_Z,2.90833333333333
2016,CZE,A,UNEMP,PT_LF,_T,Y,_Z,3.96666666666667
2015,CZE,A,UNEMP,PT_LF,_T,Y,_Z,5.05833333333333
2014,CZE,A,UNEMP,PT_LF,_T,Y,_Z,6.11666666666667
2013,CZE,A,UNEMP,PT_LF,_T,Y,_Z,6.96666666666667
2012,CZE,A,UNEMP,PT_LF,_T,Y,_Z,6.975
2011,CZE,A,UNEMP,PT_LF,_T,Y,_Z,6.71666666666667
2010,CZE,A,UNEMP,PT_LF,_T,Y,_Z,7.29166666666667
2009,CZE,A,UNEMP,PT_LF,_T,Y,_Z,6.68333333333333
2008,CZE,A,UNEMP,PT_LF,_T,Y,_Z,4.40833333333333
2007,CZE,A,UNEMP,PT_LF,_T,Y,_Z,5.325
2006,CZE,A,UNEMP,PT_LF,_T,Y,_Z,7.13333333333333
2005,CZE,A,UNEMP,PT_LF,_T,Y,_Z,7.94166666666667
2004,CZE,A,UNEMP,PT_LF,_T,Y,_Z,8.29166666666667
2003,CZE,A,UNEMP,PT_LF,_T,Y,_Z,7.775
2000,DNK,A,IRLT,PA,_Z,_Z,_Z,5.64183333333333
2024,DNK,A,UNEMP,PT_LF,_T,Y,_Z,6.191666666666666
2023,DNK,A,UNEMP,PT_LF,_T,Y,_Z,5.1083333333333325
2006,DNK,A,UNEMP,PT_LF,_T,Y,_Z,3.90833333333333
2005,DNK,A,UNEMP,PT_LF,_T,Y,_Z,4.84166666666667
2004,DNK,A,UNEMP,PT_LF,_T,Y,_Z,5.5
2003,DNK,A,UNEMP,PT_LF,_T,Y,_Z,5.40833333333333
2002,DNK,A,UNEMP,PT_LF,_T,Y,_Z,4.58333333333333
2001,DNK,A,UNEMP,PT_LF,_T,Y,_Z,4.525
2000,DNK,A,UNEMP,PT_LF,_T,Y,_Z,4.325
2022,DNK,A,UNEMP,PT_LF,_T,Y,_Z,4.475
2021,DNK,A,UNEMP,PT_LF,_T,Y,_Z,5.1083333333333325
2020,DNK,A,UNEMP,PT_LF,_T,Y,_Z,5.625
2019,DNK,A,UNEMP,PT_LF,_T,Y,_Z,5.025
2018,DNK,A,UNEMP,PT_LF,_T,Y,_Z,5.15
2017,DNK,A,UNEMP,PT_LF,_T,Y,_Z,5.81666666666667
2016,DNK,A,UNEMP,PT_LF,_T,Y,_Z,5.98333333333333
2015,DNK,A,UNEMP,PT_LF,_T,Y,_Z,6.26666666666667
2014,DNK,A,UNEMP,PT_LF,_T,Y,_Z,6.925
2013,DNK,A,UNEMP,PT_LF,_T,Y,_Z,7.375
2012,DNK,A,UNEMP,PT_LF,_T,Y,_Z,7.78333333333333
2011,DNK,A,UNEMP,PT_LF,_T,Y,_Z,7.75833333333333
2010,DNK,A,UNEMP,PT_LF,_T,Y,_Z,7.75
2009,DNK,A,UNEMP,PT_LF,_T,Y,_Z,6.40833333333333
2008,DNK,A,UNEMP,PT_LF,_T,Y,_Z,3.68333333333333
2007,DNK,A,UNEMP,PT_LF,_T,Y,_Z,3.75
2024,DNK,A,IRLT,PA,_Z,_Z,_Z,2.3030833333333334
2023,DNK,A,IRLT,PA,_Z,_Z,_Z,2.6777499999999996
2022,DNK,A,IRLT,PA,_Z,_Z,_Z,1.47775
2021,DNK,A,IRLT,PA,_Z,_Z,_Z,-0.0608333333333333
2020,DNK,A,IRLT,PA,_Z,_Z,_Z,-0.35925
2019,DNK,A,IRLT,PA,_Z,_Z,_Z,-0.183416666666667
2018,DNK,A,IRLT,PA,_Z,_Z,_Z,0.454833333333333
2017,DNK,A,IRLT,PA,_Z,_Z,_Z,0.476416666666667
2016,DNK,A,IRLT,PA,_Z,_Z,_Z,0.320333333333333
2015,DNK,A,IRLT,PA,_Z,_Z,_Z,0.6905
2014,DNK,A,IRLT,PA,_Z,_Z,_Z,1.32483333333333
2013,DNK,A,IRLT,PA,_Z,_Z,_Z,1.745
2012,DNK,A,IRLT,PA,_Z,_Z,_Z,1.40341666666667
2011,DNK,A,IRLT,PA,_Z,_Z,_Z,2.72925
2010,DNK,A,IRLT,PA,_Z,_Z,_Z,2.92608333333333
2009,DNK,A,IRLT,PA,_Z,_Z,_Z,3.58633333333333
2008,DNK,A,IRLT,PA,_Z,_Z,_Z,4.28433333333333
2007,DNK,A,IRLT,PA,_Z,_Z,_Z,4.28641666666667
2006,DNK,A,IRLT,PA,_Z,_Z,_Z,3.812
2005,DNK,A,IRLT,PA,_Z,_Z,_Z,3.40375
2004,DNK,A,IRLT,PA,_Z,_Z,_Z,4.30458333333333
2003,DNK,A,IRLT,PA,_Z,_Z,_Z,4.30775
2002,DNK,A,IRLT,PA,_Z,_Z,_Z,5.05591666666667
2021,EST,A,UNEMP,PT_LF,_T,Y,_Z,6.20833333333333
2010,BEL,A,UNEMP,PT_LF,_T,Y,_Z,8.375
2009,BEL,A,UNEMP,PT_LF,_T,Y,_Z,7.99166666666667
2007,BEL,A,UNEMP,PT_LF,_T,Y,_Z,7.48333333333333
2024,BEL,A,IRLT,PA,_Z,_Z,_Z,2.9249999999999994
2023,BEL,A,IRLT,PA,_Z,_Z,_Z,3.08916666666667
2022,BEL,A,IRLT,PA,_Z,_Z,_Z,1.73333333333333
2021,BEL,A,IRLT,PA,_Z,_Z,_Z,-0.0141666666666667
2020,BEL,A,IRLT,PA,_Z,_Z,_Z,-0.148333333333333
2019,BEL,A,IRLT,PA,_Z,_Z,_Z,0.193333333333333
2018,BEL,A,IRLT,PA,_Z,_Z,_Z,0.795
2017,BEL,A,IRLT,PA,_Z,_Z,_Z,0.7225
2016,BEL,A,IRLT,PA,_Z,_Z,_Z,0.475833333333333
2015,BEL,A,IRLT,PA,_Z,_Z,_Z,0.84
2014,BEL,A,IRLT,PA,_Z,_Z,_Z,1.71333333333333
2013,BEL,A,IRLT,PA,_Z,_Z,_Z,2.41
2012,BEL,A,IRLT,PA,_Z,_Z,_Z,3
2011,BEL,A,IRLT,PA,_Z,_Z,_Z,4.23333333333333
2003,FIN,A,UNEMP,PT_LF,_T,Y,_Z,9.00833333333333
2002,FIN,A,UNEMP,PT_LF,_T,Y,_Z,9.075
2001,FIN,A,UNEMP,PT_LF,_T,Y,_Z,9.125
2000,FIN,A,UNEMP,PT_LF,_T,Y,_Z,9.78333333333333
2022,FIN,A,UNEMP,PT_LF,_T,Y,_Z,6.76666666666667
2021,FIN,A,UNEMP,PT_LF,_T,Y,_Z,7.675
2020,FIN,A,UNEMP,PT_LF,_T,Y,_Z,7.725
2019,FIN,A,UNEMP,PT_LF,_T,Y,_Z,6.74166666666667
2018,FIN,A,UNEMP,PT_LF,_T,Y,_Z,7.43333333333334
2017,FIN,A,UNEMP,PT_LF,_T,Y,_Z,8.76666666666667
2016,FIN,A,UNEMP,PT_LF,_T,Y,_Z,8.91666666666667
2015,FIN,A,UNEMP,PT_LF,_T,Y,_Z,9.45833333333334
2014,FIN,A,UNEMP,PT_LF,_T,Y,_Z,8.75
2013,FIN,A,UNEMP,PT_LF,_T,Y,_Z,8.3
2012,FIN,A,UNEMP,PT_LF,_T,Y,_Z,7.80833333333334
2011,FIN,A,UNEMP,PT_LF,_T,Y,_Z,7.96666666666667
2010,FIN,A,UNEMP,PT_LF,_T,Y,_Z,8.54166666666666
2009,FIN,A,UNEMP,PT_LF,_T,Y,_Z,8.36666666666667
2007,FIN,A,UNEMP,PT_LF,_T,Y,_Z,6.86666666666667
2024,FIN,A,IRLT,PA,_Z,_Z,_Z,2.852967731333333
2023,FIN,A,IRLT,PA,_Z,_Z,_Z,3.0374999999999996
2022,FIN,A,IRLT,PA,_Z,_Z,_Z,1.65530769533333
2021,FIN,A,IRLT,PA,_Z,_Z,_Z,-0.09507603675
2020,FIN,A,IRLT,PA,_Z,_Z,_Z,-0.219166666666667
2019,FIN,A,IRLT,PA,_Z,_Z,_Z,0.07
2018,FIN,A,IRLT,PA,_Z,_Z,_Z,0.661666666666667
2017,FIN,A,IRLT,PA,_Z,_Z,_Z,0.546666666666667
2016,FIN,A,IRLT,PA,_Z,_Z,_Z,0.365
2015,FIN,A,IRLT,PA,_Z,_Z,_Z,0.723333333333334
2014,FIN,A,IRLT,PA,_Z,_Z,_Z,1.44833333333333
2013,FIN,A,IRLT,PA,_Z,_Z,_Z,1.86083333333333
2012,FIN,A,IRLT,PA,_Z,_Z,_Z,1.88333333333333
2011,FIN,A,IRLT,PA,_Z,_Z,_Z,3.00583333333333
2010,FIN,A,IRLT,PA,_Z,_Z,_Z,3.01083333333333
2009,FIN,A,IRLT,PA,_Z,_Z,_Z,3.73833333333333
2008,FIN,A,IRLT,PA,_Z,_Z,_Z,4.29
2007,FIN,A,IRLT,PA,_Z,_Z,_Z,4.29333333333333
2006,FIN,A,IRLT,PA,_Z,_Z,_Z,3.7825
2005,FIN,A,IRLT,PA,_Z,_Z,_Z,3.35083333333333
2004,FIN,A,IRLT,PA,_Z,_Z,_Z,4.10916666666667
2003,FIN,A,IRLT,PA,_Z,_Z,_Z,4.135
2002,FIN,A,IRLT,PA,_Z,_Z,_Z,4.98083333333333
2000,FRA,A,IRLT,PA,_Z,_Z,_Z,5.394166666666667
2024,FRA,A,UNEMP,PT_LF,_T,Y,_Z,7.391666666666667
2023,FRA,A,UNEMP,PT_LF,_T,Y,_Z,7.35
2006,FRA,A,UNEMP,PT_LF,_T,Y,_Z,8.85
2005,FRA,A,UNEMP,PT_LF,_T,Y,_Z,8.891666666666666
2004,FRA,A,UNEMP,PT_LF,_T,Y,_Z,8.875
2003,FRA,A,UNEMP,PT_LF,_T,Y,_Z,8.508333333333333
2001,FRA,A,UNEMP,PT_LF,_T,Y,_Z,8.74166666666667
2000,FRA,A,UNEMP,PT_LF,_T,Y,_Z,9.55833333333334
2022,FRA,A,UNEMP,PT_LF,_T,Y,_Z,7.316666666666667
2021,FRA,A,UNEMP,PT_LF,_T,Y,_Z,7.875
2020,FRA,A,UNEMP,PT_LF,_T,Y,_Z,8.03333333333333
2019,FRA,A,UNEMP,PT_LF,_T,Y,_Z,8.441666666666666
2018,FRA,A,UNEMP,PT_LF,_T,Y,_Z,9.016666666666667
2017,FRA,A,UNEMP,PT_LF,_T,Y,_Z,9.416666666666666
2016,FRA,A,UNEMP,PT_LF,_T,Y,_Z,10.058333333333334
2015,FRA,A,UNEMP,PT_LF,_T,Y,_Z,10.358333333333334
2014,FRA,A,UNEMP,PT_LF,_T,Y,_Z,10.266666666666666
2013,FRA,A,UNEMP,PT_LF,_T,Y,_Z,10.3
2012,FRA,A,UNEMP,PT_LF,_T,Y,_Z,9.758333333333333
2011,FRA,A,UNEMP,PT_LF,_T,Y,_Z,9.2
2010,FRA,A,UNEMP,PT_LF,_T,Y,_Z,9.283333333333331
2009,FRA,A,UNEMP,PT_LF,_T,Y,_Z,9.125
2008,FRA,A,UNEMP,PT_LF,_T,Y,_Z,7.441666666666667
2007,FRA,A,UNEMP,PT_LF,_T,Y,_Z,8.025
2024,FRA,A,IRLT,PA,_Z,_Z,_Z,2.9691666666666667
2023,FRA,A,IRLT,PA,_Z,_Z,_Z,2.9941666666666666
2022,FRA,A,IRLT,PA,_Z,_Z,_Z,1.7008333333333334
2021,FRA,A,IRLT,PA,_Z,_Z,_Z,0.006666666666666662
2020,FRA,A,IRLT,PA,_Z,_Z,_Z,-0.14500000000000002
2019,FRA,A,IRLT,PA,_Z,_Z,_Z,0.13083333333333336
2018,FRA,A,IRLT,PA,_Z,_Z,_Z,0.7833333333333333
2017,FRA,A,IRLT,PA,_Z,_Z,_Z,0.8091666666666667
2016,FRA,A,IRLT,PA,_Z,_Z,_Z,0.4666666666666666
2015,FRA,A,IRLT,PA,_Z,_Z,_Z,0.8425000000000001
2014,FRA,A,IRLT,PA,_Z,_Z,_Z,1.666666666666667
2013,FRA,A,IRLT,PA,_Z,_Z,_Z,2.204166666666667
2012,FRA,A,IRLT,PA,_Z,_Z,_Z,2.536666666666667
2011,FRA,A,IRLT,PA,_Z,_Z,_Z,3.319999999999999
2010,FRA,A,IRLT,PA,_Z,_Z,_Z,3.1183333333333336
2009,FRA,A,IRLT,PA,_Z,_Z,_Z,3.6500000000000004
2008,FRA,A,IRLT,PA,_Z,_Z,_Z,4.234166666666666
2007,FRA,A,IRLT,PA,_Z,_Z,_Z,4.304166666666666
2006,FRA,A,IRLT,PA,_Z,_Z,_Z,3.7966666666666673
2005,FRA,A,IRLT,PA,_Z,_Z,_Z,3.41
2004,FRA,A,IRLT,PA,_Z,_Z,_Z,4.098333333333334
2003,FRA,A,IRLT,PA,_Z,_Z,_Z,4.13
2002,FRA,A,IRLT,PA,_Z,_Z,_Z,4.86
2000,DEU,A,IRLT,PA,_Z,_Z,_Z,5.263958654596528
2024,DEU,A,UNEMP,PT_LF,_T,Y,_Z,3.408333333333333
2023,DEU,A,UNEMP,PT_LF,_T,Y,_Z,3.025
2006,DEU,A,UNEMP,PT_LF,_T,Y,_Z,10.275
2005,DEU,A,UNEMP,PT_LF,_T,Y,_Z,11.2833333333333
2004,DEU,A,UNEMP,PT_LF,_T,Y,_Z,10.5
2003,DEU,A,UNEMP,PT_LF,_T,Y,_Z,9.80833333333333
2002,DEU,A,UNEMP,PT_LF,_T,Y,_Z,8.68333333333333
2001,DEU,A,UNEMP,PT_LF,_T,Y,_Z,7.85833333333333
2000,DEU,A,UNEMP,PT_LF,_T,Y,_Z,8.00833333333333
2022,DEU,A,UNEMP,PT_LF,_T,Y,_Z,3.06666666666667
2021,DEU,A,UNEMP,PT_LF,_T,Y,_Z,3.575
2020,DEU,A,UNEMP,PT_LF,_T,Y,_Z,3.625
2019,DEU,A,UNEMP,PT_LF,_T,Y,_Z,2.975
2018,DEU,A,UNEMP,PT_LF,_T,Y,_Z,3.20833333333333
2017,DEU,A,UNEMP,PT_LF,_T,Y,_Z,3.56666666666667
2016,DEU,A,UNEMP,PT_LF,_T,Y,_Z,3.90833333333333
2015,DEU,A,UNEMP,PT_LF,_T,Y,_Z,4.36666666666667
2014,DEU,A,UNEMP,PT_LF,_T,Y,_Z,4.70833333333333
2013,DEU,A,UNEMP,PT_LF,_T,Y,_Z,4.95
2012,DEU,A,UNEMP,PT_LF,_T,Y,_Z,5.08333333333333
2011,DEU,A,UNEMP,PT_LF,_T,Y,_Z,5.51666666666667
2010,DEU,A,UNEMP,PT_LF,_T,Y,_Z,6.575
2009,DEU,A,UNEMP,PT_LF,_T,Y,_Z,7.225
2020,COL,A,IRLT,PA,_Z,_Z,_Z,6.33333333333334
2019,COL,A,IRLT,PA,_Z,_Z,_Z,6.4975
2018,COL,A,IRLT,PA,_Z,_Z,_Z,6.995833333333333
2017,COL,A,IRLT,PA,_Z,_Z,_Z,6.771666666666667
2016,COL,A,IRLT,PA,_Z,_Z,_Z,7.905833333333334
2015,COL,A,IRLT,PA,_Z,_Z,_Z,7.854166666666667
2014,COL,A,IRLT,PA,_Z,_Z,_Z,7.055833333333335
2013,COL,A,IRLT,PA,_Z,_Z,_Z,6.495
2012,COL,A,IRLT,PA,_Z,_Z,_Z,6.8133333333333335
2011,COL,A,IRLT,PA,_Z,_Z,_Z,8.088333333333333
2010,COL,A,IRLT,PA,_Z,_Z,_Z,8.465833333333334
2024,COL,A,UNEMP,PT_LF,_T,Y,_Z,10.165833333333332
2023,COL,A,UNEMP,PT_LF,_T,Y,_Z,10.164166666666668
2022,COL,A,UNEMP,PT_LF,_T,Y,_Z,11.218333333333334
2021,COL,A,UNEMP,PT_LF,_T,Y,_Z,13.810833333333333
2020,COL,A,UNEMP,PT_LF,_T,Y,_Z,15.8641666666667
2019,COL,A,UNEMP,PT_LF,_T,Y,_Z,10.3708333333333
2018,COL,A,UNEMP,PT_LF,_T,Y,_Z,9.52916666666667
2017,COL,A,UNEMP,PT_LF,_T,Y,_Z,9.29583333333333
2016,COL,A,UNEMP,PT_LF,_T,Y,_Z,9.22666666666667
2015,COL,A,UNEMP,PT_LF,_T,Y,_Z,8.95083333333334
2014,COL,A,UNEMP,PT_LF,_T,Y,_Z,9.205
2013,COL,A,UNEMP,PT_LF,_T,Y,_Z,9.7425
2012,COL,A,UNEMP,PT_LF,_T,Y,_Z,10.505
2021,CRI,A,IRLT,PA,_Z,_Z,_Z,7.933333333333333
2017,GRC,A,UNEMP,PT_LF,_T,Y,_Z,21.8416666666667
2016,GRC,A,UNEMP,PT_LF,_T,Y,_Z,23.875
2015,GRC,A,UNEMP,PT_LF,_T,Y,_Z,24.9833333333333
2014,GRC,A,UNEMP,PT_LF,_T,Y,_Z,26.65
2013,GRC,A,UNEMP,PT_LF,_T,Y,_Z,27.825
2012,GRC,A,UNEMP,PT_LF,_T,Y,_Z,24.8083333333333
2011,GRC,A,UNEMP,PT_LF,_T,Y,_Z,18.0916666666667
2010,GRC,A,UNEMP,PT_LF,_T,Y,_Z,12.9583333333333
2009,GRC,A,UNEMP,PT_LF,_T,Y,_Z,9.75
2008,GRC,A,UNEMP,PT_LF,_T,Y,_Z,7.76666666666667
2007,GRC,A,UNEMP,PT_LF,_T,Y,_Z,8.41666666666666
2024,GRC,A,IRLT,PA,_Z,_Z,_Z,3.349999999999999
2023,GRC,A,IRLT,PA,_Z,_Z,_Z,4.001666666666667
2022,GRC,A,IRLT,PA,_Z,_Z,_Z,3.48666666666667
2021,GRC,A,IRLT,PA,_Z,_Z,_Z,0.8841666666666669
2020,GRC,A,IRLT,PA,_Z,_Z,_Z,1.27166666666667
2019,GRC,A,IRLT,PA,_Z,_Z,_Z,2.58583333333333
2018,GRC,A,IRLT,PA,_Z,_Z,_Z,4.185
2017,GRC,A,IRLT,PA,_Z,_Z,_Z,5.97833333333333
2016,GRC,A,IRLT,PA,_Z,_Z,_Z,8.36
2015,GRC,A,IRLT,PA,_Z,_Z,_Z,9.666363636363638
2014,GRC,A,IRLT,PA,_Z,_Z,_Z,6.92916666666667
2013,GRC,A,IRLT,PA,_Z,_Z,_Z,10.0541666666667
2012,GRC,A,IRLT,PA,_Z,_Z,_Z,22.4975
2011,GRC,A,IRLT,PA,_Z,_Z,_Z,15.7491666666667
2010,GRC,A,IRLT,PA,_Z,_Z,_Z,9.09166666666667
2009,GRC,A,IRLT,PA,_Z,_Z,_Z,5.174166666666666
2008,GRC,A,IRLT,PA,_Z,_Z,_Z,4.802499999999999
2007,GRC,A,IRLT,PA,_Z,_Z,_Z,4.5
2006,GRC,A,IRLT,PA,_Z,_Z,_Z,4.07
2005,GRC,A,IRLT,PA,_Z,_Z,_Z,3.585
2004,GRC,A,IRLT,PA,_Z,_Z,_Z,4.255833333333333
2003,GRC,A,IRLT,PA,_Z,_Z,_Z,4.2675
2002,GRC,A,IRLT,PA,_Z,_Z,_Z,5.121666666666666
2000,HUN,A,UNEMP,PT_LF,_T,Y,_Z,6.26666666666667
2024,HUN,A,IRLT,PA,_Z,_Z,_Z,6.500833333333333
2023,HUN,A,IRLT,PA,_Z,_Z,_Z,7.512500000000002
2006,HUN,A,IRLT,PA,_Z,_Z,_Z,7.11583333333333
2005,HUN,A,IRLT,PA,_Z,_Z,_Z,6.59833333333333
2004,HUN,A,IRLT,PA,_Z,_Z,_Z,8.29166666666666
2003,HUN,A,IRLT,PA,_Z,_Z,_Z,6.77333333333333
2002,HUN,A,IRLT,PA,_Z,_Z,_Z,7.08583333333333
2001,HUN,A,IRLT,PA,_Z,_Z,_Z,7.945
2000,HUN,A,IRLT,PA,_Z,_Z,_Z,8.55
2022,HUN,A,IRLT,PA,_Z,_Z,_Z,7.57083333333333
2021,HUN,A,IRLT,PA,_Z,_Z,_Z,3.06083333333333
2020,HUN,A,IRLT,PA,_Z,_Z,_Z,2.225
2019,HUN,A,IRLT,PA,_Z,_Z,_Z,2.465
2018,HUN,A,IRLT,PA,_Z,_Z,_Z,3.05833333333333
2017,HUN,A,IRLT,PA,_Z,_Z,_Z,2.9625
2016,HUN,A,IRLT,PA,_Z,_Z,_Z,3.14333333333333
2015,HUN,A,IRLT,PA,_Z,_Z,_Z,3.4325
2014,HUN,A,IRLT,PA,_Z,_Z,_Z,4.80916666666667
2013,HUN,A,IRLT,PA,_Z,_Z,_Z,5.92333333333333
2012,HUN,A,IRLT,PA,_Z,_Z,_Z,7.89083333333333
2011,HUN,A,IRLT,PA,_Z,_Z,_Z,7.63540873
2010,HUN,A,IRLT,PA,_Z,_Z,_Z,7.28166666666667
2009,HUN,A,IRLT,PA,_Z,_Z,_Z,9.12333333333333
2008,HUN,A,IRLT,PA,_Z,_Z,_Z,8.23833333333333
2007,HUN,A,IRLT,PA,_Z,_Z,_Z,6.74416666666667
2024,HUN,A,UNEMP,PT_LF,_T,Y,_Z,4.391666666666667
2023,HUN,A,UNEMP,PT_LF,_T,Y,_Z,4.083333333333333
2022,HUN,A,UNEMP,PT_LF,_T,Y,_Z,3.6666666666666665
2021,HUN,A,UNEMP,PT_LF,_T,Y,_Z,4.05
2020,HUN,A,UNEMP,PT_LF,_T,Y,_Z,4.125
2019,HUN,A,UNEMP,PT_LF,_T,Y,_Z,3.2583333333333333
2018,HUN,A,UNEMP,PT_LF,_T,Y,_Z,3.4916666666666663
2017,HUN,A,UNEMP,PT_LF,_T,Y,_Z,4.05
2016,HUN,A,UNEMP,PT_LF,_T,Y,_Z,4.88333333333333
2015,HUN,A,UNEMP,PT_LF,_T,Y,_Z,6.51666666666667
2014,HUN,A,UNEMP,PT_LF,_T,Y,_Z,7.45833333333333
2013,HUN,A,UNEMP,PT_LF,_T,Y,_Z,9.63333333333333
2012,HUN,A,UNEMP,PT_LF,_T,Y,_Z,10.5833333333333
2011,HUN,A,UNEMP,PT_LF,_T,Y,_Z,10.6583333333333
2010,HUN,A,UNEMP,PT_LF,_T,Y,_Z,10.8
2009,HUN,A,UNEMP,PT_LF,_T,Y,_Z,9.675
2007,HUN,A,UNEMP,PT_LF,_T,Y,_Z,7.39166666666667
2006,HUN,A,UNEMP,PT_LF,_T,Y,_Z,7.45833333333333
2005,HUN,A,UNEMP,PT_LF,_T,Y,_Z,7.175
2004,HUN,A,UNEMP,PT_LF,_T,Y,_Z,6.06666666666667
2003,HUN,A,UNEMP,PT_LF,_T,Y,_Z,5.74166666666667
2002,HUN,A,UNEMP,PT_LF,_T,Y,_Z,5.58333333333333
2003,ISL,A,IRLT,PA,_Z,_Z,_Z,4.40614166666667
2002,ISL,A,IRLT,PA,_Z,_Z,_Z,5.23183333333333
2001,ISL,A,IRLT,PA,_Z,_Z,_Z,5.26083333333333
2009,ISL,A,UNEMP,PT_LF,_T,Y,_Z,8.208333333333332
2008,ISL,A,UNEMP,PT_LF,_T,Y,_Z,3.3916666666666666
2007,ISL,A,UNEMP,PT_LF,_T,Y,_Z,2.4916666666666667
2006,ISL,A,UNEMP,PT_LF,_T,Y,_Z,3.208333333333334
2005,ISL,A,UNEMP,PT_LF,_T,Y,_Z,2.9
2004,ISL,A,UNEMP,PT_LF,_T,Y,_Z,3.35
2003,ISL,A,UNEMP,PT_LF,_T,Y,_Z,3.591666666666667
2000,ISL,A,IRLT,PA,_Z,_Z,_Z,5.30333333333333
2024,ISL,A,UNEMP,PT_LF,_T,Y,_Z,3.3583333333333334
2023,ISL,A,UNEMP,PT_LF,_T,Y,_Z,3.3666666666666667
2022,ISL,A,UNEMP,PT_LF,_T,Y,_Z,3.575
2021,ISL,A,UNEMP,PT_LF,_T,Y,_Z,5.85
2020,ISL,A,UNEMP,PT_LF,_T,Y,_Z,6.25
2019,ISL,A,UNEMP,PT_LF,_T,Y,_Z,3.9
2018,ISL,A,UNEMP,PT_LF,_T,Y,_Z,3.1333333333333333
2017,ISL,A,UNEMP,PT_LF,_T,Y,_Z,3.2833333333333337
2016,ISL,A,UNEMP,PT_LF,_T,Y,_Z,3.441666666666667
2015,ISL,A,UNEMP,PT_LF,_T,Y,_Z,4.591666666666667
2014,ISL,A,UNEMP,PT_LF,_T,Y,_Z,5.508333333333334
2013,ISL,A,UNEMP,PT_LF,_T,Y,_Z,6.1
2012,ISL,A,UNEMP,PT_LF,_T,Y,_Z,6.841666666666667
2020,EST,A,UNEMP,PT_LF,_T,Y,_Z,6.88333333333333
2019,EST,A,UNEMP,PT_LF,_T,Y,_Z,4.48333333333333
2002,EST,A,UNEMP,PT_LF,_T,Y,_Z,11.3333333333333
2001,EST,A,UNEMP,PT_LF,_T,Y,_Z,13.0416666666667
2000,EST,A,UNEMP,PT_LF,_T,Y,_Z,14.4583333333333
2024,EST,A,IRLT,PA,_Z,_Z,_Z,3.546666666666667
2023,EST,A,IRLT,PA,_Z,_Z,_Z,3.9008333333333343
2022,EST,A,IRLT,PA,_Z,_Z,_Z,2.28583333333333
2021,EST,A,IRLT,PA,_Z,_Z,_Z,0.0633333333333333
2018,EST,A,UNEMP,PT_LF,_T,Y,_Z,5.39166666666667
2017,EST,A,UNEMP,PT_LF,_T,Y,_Z,5.80833333333333
2016,EST,A,UNEMP,PT_LF,_T,Y,_Z,6.83333333333333
2015,EST,A,UNEMP,PT_LF,_T,Y,_Z,6.39166666666667
2014,EST,A,UNEMP,PT_LF,_T,Y,_Z,7.31666666666667
2013,EST,A,UNEMP,PT_LF,_T,Y,_Z,8.49166666666667
2012,EST,A,UNEMP,PT_LF,_T,Y,_Z,9.90833333333333
2011,EST,A,UNEMP,PT_LF,_T,Y,_Z,12.35
2010,EST,A,UNEMP,PT_LF,_T,Y,_Z,16.5833333333333
2009,EST,A,UNEMP,PT_LF,_T,Y,_Z,13.475
2007,EST,A,UNEMP,PT_LF,_T,Y,_Z,4.6
2006,EST,A,UNEMP,PT_LF,_T,Y,_Z,5.94166666666667
2005,EST,A,UNEMP,PT_LF,_T,Y,_Z,7.975
2004,EST,A,UNEMP,PT_LF,_T,Y,_Z,10.0833333333333
2003,EST,A,UNEMP,PT_LF,_T,Y,_Z,10.35
2024,EST,A,UNEMP,PT_LF,_T,Y,_Z,7.608333333333333
2023,EST,A,UNEMP,PT_LF,_T,Y,_Z,6.416666666666667
2000,FIN,A,IRLT,PA,_Z,_Z,_Z,5.4825
2024,FIN,A,UNEMP,PT_LF,_T,Y,_Z,8.383333333333333
2023,FIN,A,UNEMP,PT_LF,_T,Y,_Z,7.216666666666667
2006,FIN,A,UNEMP,PT_LF,_T,Y,_Z,7.71666666666667
2005,FIN,A,UNEMP,PT_LF,_T,Y,_Z,8.4
2004,FIN,A,UNEMP,PT_LF,_T,Y,_Z,8.825
2021,IRL,A,IRLT,PA,_Z,_Z,_Z,0.0631583333333333
2020,IRL,A,IRLT,PA,_Z,_Z,_Z,-0.06104166666666666
2019,IRL,A,IRLT,PA,_Z,_Z,_Z,0.3310583333333333
2018,IRL,A,IRLT,PA,_Z,_Z,_Z,0.9518416666666667
2017,IRL,A,IRLT,PA,_Z,_Z,_Z,0.8016666666666667
2016,IRL,A,IRLT,PA,_Z,_Z,_Z,0.7358333333333333
2015,IRL,A,IRLT,PA,_Z,_Z,_Z,1.1825
2014,IRL,A,IRLT,PA,_Z,_Z,_Z,2.3675
2013,IRL,A,IRLT,PA,_Z,_Z,_Z,3.7899999999999996
2012,IRL,A,IRLT,PA,_Z,_Z,_Z,6.171666666666667
2011,IRL,A,IRLT,PA,_Z,_Z,_Z,9.601666666666668
2010,IRL,A,IRLT,PA,_Z,_Z,_Z,5.739166666666667
2009,IRL,A,IRLT,PA,_Z,_Z,_Z,5.2250000000000005
2008,IRL,A,IRLT,PA,_Z,_Z,_Z,4.525833333333333
2007,IRL,A,IRLT,PA,_Z,_Z,_Z,4.305833333333334
2006,IRL,A,IRLT,PA,_Z,_Z,_Z,3.765
2005,IRL,A,IRLT,PA,_Z,_Z,_Z,3.329166666666666
2004,IRL,A,IRLT,PA,_Z,_Z,_Z,4.076666666666666
2003,IRL,A,IRLT,PA,_Z,_Z,_Z,4.132499999999999
2002,IRL,A,IRLT,PA,_Z,_Z,_Z,5.010000000000001
2000,ISR,A,UNEMP,PT_LF,_T,Y,_Z,8.77060564775
2024,ISR,A,IRLT,PA,_Z,_Z,_Z,4.676666666666667
2023,ISR,A,IRLT,PA,_Z,_Z,_Z,3.8680833333333333
2006,ISR,A,IRLT,PA,_Z,_Z,_Z,6.31416666666667
2005,ISR,A,IRLT,PA,_Z,_Z,_Z,6.36166666666667
2004,ISR,A,IRLT,PA,_Z,_Z,_Z,7.56166666666667
2003,ISR,A,IRLT,PA,_Z,_Z,_Z,8.88428383333333
2002,ISR,A,IRLT,PA,_Z,_Z,_Z,9.23308741666667
2001,ISR,A,IRLT,PA,_Z,_Z,_Z,6.42648025
2000,ISR,A,IRLT,PA,_Z,_Z,_Z,5.47583333333333
2022,ISR,A,IRLT,PA,_Z,_Z,_Z,2.61916666666667
2021,ISR,A,IRLT,PA,_Z,_Z,_Z,1.11666666666667
2020,ISR,A,IRLT,PA,_Z,_Z,_Z,0.7775
2019,ISR,A,IRLT,PA,_Z,_Z,_Z,1.46833333333333
2018,ISR,A,IRLT,PA,_Z,_Z,_Z,1.99416666666667
2017,ISR,A,IRLT,PA,_Z,_Z,_Z,1.90916666666667
2016,ISR,A,IRLT,PA,_Z,_Z,_Z,1.87916666666667
2015,ISR,A,IRLT,PA,_Z,_Z,_Z,2.07
2014,ISR,A,IRLT,PA,_Z,_Z,_Z,2.88583333333333
2013,ISR,A,IRLT,PA,_Z,_Z,_Z,3.79583333333333
2012,ISR,A,IRLT,PA,_Z,_Z,_Z,4.39916666666667
2011,ISR,A,IRLT,PA,_Z,_Z,_Z,4.98
2010,ISR,A,IRLT,PA,_Z,_Z,_Z,4.68416666666667
2009,ISR,A,IRLT,PA,_Z,_Z,_Z,5.06333333333333
2008,ISR,A,IRLT,PA,_Z,_Z,_Z,5.92333333333333
2007,ISR,A,IRLT,PA,_Z,_Z,_Z,5.55416666666667
2024,ISR,A,UNEMP,PT_LF,_T,Y,_Z,2.9666666666666663
2023,ISR,A,UNEMP,PT_LF,_T,Y,_Z,3.4166666666666665
2022,ISR,A,UNEMP,PT_LF,_T,Y,_Z,3.76666666666667
2021,ISR,A,UNEMP,PT_LF,_T,Y,_Z,4.95833333333333
2020,ISR,A,UNEMP,PT_LF,_T,Y,_Z,4.325
2019,ISR,A,UNEMP,PT_LF,_T,Y,_Z,3.8
2018,ISR,A,UNEMP,PT_LF,_T,Y,_Z,4
2017,ISR,A,UNEMP,PT_LF,_T,Y,_Z,4.21666666666667
2016,ISR,A,UNEMP,PT_LF,_T,Y,_Z,4.80833333333333
2015,ISR,A,UNEMP,PT_LF,_T,Y,_Z,5.24166666666667
2014,ISR,A,UNEMP,PT_LF,_T,Y,_Z,5.90833333333333
2013,ISR,A,UNEMP,PT_LF,_T,Y,_Z,6.20833333333333
2012,ISR,A,UNEMP,PT_LF,_T,Y,_Z,6.85
2010,ISR,A,UNEMP,PT_LF,_T,Y,_Z,6.63659478425
2009,ISR,A,UNEMP,PT_LF,_T,Y,_Z,7.5440865165
2008,ISR,A,UNEMP,PT_LF,_T,Y,_Z,6.0991404415
2007,ISR,A,UNEMP,PT_LF,_T,Y,_Z,7.31855804075
2006,ISR,A,UNEMP,PT_LF,_T,Y,_Z,8.40383747675
2005,ISR,A,UNEMP,PT_LF,_T,Y,_Z,8.9899031995
2004,ISR,A,UNEMP,PT_LF,_T,Y,_Z,10.367712869
2003,ISR,A,UNEMP,PT_LF,_T,Y,_Z,10.71265731925
2002,ISR,A,UNEMP,PT_LF,_T,Y,_Z,10.29843927275
2000,ITA,A,IRLT,PA,_Z,_Z,_Z,5.575166666666667
2024,ITA,A,UNEMP,PT_LF,_T,Y,_Z,6.516666666666667
2023,ITA,A,UNEMP,PT_LF,_T,Y,_Z,7.666666666666667
2006,ITA,A,UNEMP,PT_LF,_T,Y,_Z,6.86666666666667
2005,ITA,A,UNEMP,PT_LF,_T,Y,_Z,7.78333333333333
2004,ITA,A,UNEMP,PT_LF,_T,Y,_Z,8.05
2002,ITA,A,UNEMP,PT_LF,_T,Y,_Z,8.475
2001,ITA,A,UNEMP,PT_LF,_T,Y,_Z,9.00833333333333
2000,ITA,A,UNEMP,PT_LF,_T,Y,_Z,10.05
2022,ITA,A,UNEMP,PT_LF,_T,Y,_Z,8.075
2021,ITA,A,UNEMP,PT_LF,_T,Y,_Z,9.55833333333333
2020,ITA,A,UNEMP,PT_LF,_T,Y,_Z,9.3
2019,ITA,A,UNEMP,PT_LF,_T,Y,_Z,9.93333333333333
2018,ITA,A,UNEMP,PT_LF,_T,Y,_Z,10.6
2017,ITA,A,UNEMP,PT_LF,_T,Y,_Z,11.2583333333333
2016,ITA,A,UNEMP,PT_LF,_T,Y,_Z,11.75
2015,ITA,A,UNEMP,PT_LF,_T,Y,_Z,12
2014,ITA,A,UNEMP,PT_LF,_T,Y,_Z,12.825
2013,ITA,A,UNEMP,PT_LF,_T,Y,_Z,12.3666666666667
2012,ITA,A,UNEMP,PT_LF,_T,Y,_Z,10.8833333333333
2011,ITA,A,UNEMP,PT_LF,_T,Y,_Z,8.50833333333333
2010,ITA,A,UNEMP,PT_LF,_T,Y,_Z,8.54166666666667
2009,ITA,A,UNEMP,PT_LF,_T,Y,_Z,7.875
2008,ITA,A,UNEMP,PT_LF,_T,Y,_Z,6.775
2007,ITA,A,UNEMP,PT_LF,_T,Y,_Z,6.15
2024,ITA,A,IRLT,PA,_Z,_Z,_Z,3.7074166666666666
2023,ITA,A,IRLT,PA,_Z,_Z,_Z,4.28325
2022,ITA,A,IRLT,PA,_Z,_Z,_Z,3.15675
2021,ITA,A,IRLT,PA,_Z,_Z,_Z,0.8109166666666668
2020,ITA,A,IRLT,PA,_Z,_Z,_Z,1.1681666666666666
2008,DEU,A,UNEMP,PT_LF,_T,Y,_Z,7.425
2007,DEU,A,UNEMP,PT_LF,_T,Y,_Z,8.54166666666667
2024,DEU,A,IRLT,PA,_Z,_Z,_Z,2.3210841123449817
2023,DEU,A,IRLT,PA,_Z,_Z,_Z,2.4345987059491065
2022,DEU,A,IRLT,PA,_Z,_Z,_Z,1.1425829849657096
2021,DEU,A,IRLT,PA,_Z,_Z,_Z,-0.3738211697722568
2020,DEU,A,IRLT,PA,_Z,_Z,_Z,-0.5110240055837881
2019,DEU,A,IRLT,PA,_Z,_Z,_Z,-0.25363445779578503
2018,DEU,A,IRLT,PA,_Z,_Z,_Z,0.39636398189051647
2017,DEU,A,IRLT,PA,_Z,_Z,_Z,0.31633611380779564
2016,DEU,A,IRLT,PA,_Z,_Z,_Z,0.09149919223288784
2015,DEU,A,IRLT,PA,_Z,_Z,_Z,0.49519367547657006
2014,DEU,A,IRLT,PA,_Z,_Z,_Z,1.1634722907400257
2013,DEU,A,IRLT,PA,_Z,_Z,_Z,1.5714080060438764
2012,DEU,A,IRLT,PA,_Z,_Z,_Z,1.495130210995014
2011,DEU,A,IRLT,PA,_Z,_Z,_Z,2.609184991464167
2010,DEU,A,IRLT,PA,_Z,_Z,_Z,2.7442673787565095
2009,DEU,A,IRLT,PA,_Z,_Z,_Z,3.2222178304786997
2008,DEU,A,IRLT,PA,_Z,_Z,_Z,3.984768224497344
2007,DEU,A,IRLT,PA,_Z,_Z,_Z,4.216955003518639
2006,DEU,A,IRLT,PA,_Z,_Z,_Z,3.7641253186490595
2005,DEU,A,IRLT,PA,_Z,_Z,_Z,3.354017535604493
2004,DEU,A,IRLT,PA,_Z,_Z,_Z,4.037155655938266
2003,DEU,A,IRLT,PA,_Z,_Z,_Z,4.071142521983484
2002,DEU,A,IRLT,PA,_Z,_Z,_Z,4.783579595123073
2000,GRC,A,IRLT,PA,_Z,_Z,_Z,6.105833333333333
2024,GRC,A,UNEMP,PT_LF,_T,Y,_Z,10.116666666666667
2023,GRC,A,UNEMP,PT_LF,_T,Y,_Z,11.083333333333332
2006,GRC,A,UNEMP,PT_LF,_T,Y,_Z,9.03333333333333
2005,GRC,A,UNEMP,PT_LF,_T,Y,_Z,10.0083333333333
2004,GRC,A,UNEMP,PT_LF,_T,Y,_Z,10.6083333333333
2003,GRC,A,UNEMP,PT_LF,_T,Y,_Z,9.74166666666667
2002,GRC,A,UNEMP,PT_LF,_T,Y,_Z,10.3333333333333
2001,GRC,A,UNEMP,PT_LF,_T,Y,_Z,10.675
2000,GRC,A,UNEMP,PT_LF,_T,Y,_Z,11.2333333333333
2022,GRC,A,UNEMP,PT_LF,_T,Y,_Z,12.4583333333333
2021,GRC,A,UNEMP,PT_LF,_T,Y,_Z,14.7916666666667
2020,GRC,A,UNEMP,PT_LF,_T,Y,_Z,17.6166666666667
2019,GRC,A,UNEMP,PT_LF,_T,Y,_Z,17.8833333333333
2018,GRC,A,UNEMP,PT_LF,_T,Y,_Z,19.7416666666667
2011,JPN,A,IRLT,PA,_Z,_Z,_Z,1.10241666666667
2010,JPN,A,IRLT,PA,_Z,_Z,_Z,1.14833333333333
2009,JPN,A,IRLT,PA,_Z,_Z,_Z,1.33375
2008,JPN,A,IRLT,PA,_Z,_Z,_Z,1.46733333333333
2007,JPN,A,IRLT,PA,_Z,_Z,_Z,1.6655
2006,JPN,A,IRLT,PA,_Z,_Z,_Z,1.7405
2005,JPN,A,IRLT,PA,_Z,_Z,_Z,1.35475
2004,JPN,A,IRLT,PA,_Z,_Z,_Z,1.49266666666667
2003,JPN,A,IRLT,PA,_Z,_Z,_Z,1.00325
2002,JPN,A,IRLT,PA,_Z,_Z,_Z,1.26316666666667
2001,KOR,A,IRLT,PA,_Z,_Z,_Z,6.855
2024,KOR,A,UNEMP,PT_LF,_T,Y,_Z,2.8000000000000003
2023,KOR,A,UNEMP,PT_LF,_T,Y,_Z,2.708333333333333
2006,KOR,A,UNEMP,PT_LF,_T,Y,_Z,3.475
2005,KOR,A,UNEMP,PT_LF,_T,Y,_Z,3.75
2004,KOR,A,UNEMP,PT_LF,_T,Y,_Z,3.65833333333333
2003,KOR,A,UNEMP,PT_LF,_T,Y,_Z,3.55
2002,KOR,A,UNEMP,PT_LF,_T,Y,_Z,3.25833333333333
2001,KOR,A,UNEMP,PT_LF,_T,Y,_Z,4
2000,KOR,A,UNEMP,PT_LF,_T,Y,_Z,4.425
2022,KOR,A,UNEMP,PT_LF,_T,Y,_Z,2.88333333333333
2021,KOR,A,UNEMP,PT_LF,_T,Y,_Z,3.675
2020,KOR,A,UNEMP,PT_LF,_T,Y,_Z,3.94166666666667
2019,KOR,A,UNEMP,PT_LF,_T,Y,_Z,3.78333333333333
2018,KOR,A,UNEMP,PT_LF,_T,Y,_Z,3.83333333333333
2017,KOR,A,UNEMP,PT_LF,_T,Y,_Z,3.68333333333333
2016,KOR,A,UNEMP,PT_LF,_T,Y,_Z,3.675
2015,KOR,A,UNEMP,PT_LF,_T,Y,_Z,3.59166666666667
2014,KOR,A,UNEMP,PT_LF,_T,Y,_Z,3.49166666666667
2013,KOR,A,UNEMP,PT_LF,_T,Y,_Z,3.1
2012,KOR,A,UNEMP,PT_LF,_T,Y,_Z,3.225
2011,KOR,A,UNEMP,PT_LF,_T,Y,_Z,3.40833333333333
2010,KOR,A,UNEMP,PT_LF,_T,Y,_Z,3.70833333333333
2009,KOR,A,UNEMP,PT_LF,_T,Y,_Z,3.63333333333333
2008,KOR,A,UNEMP,PT_LF,_T,Y,_Z,3.175
2007,KOR,A,UNEMP,PT_LF,_T,Y,_Z,3.25833333333333
2024,KOR,A,IRLT,PA,_Z,_Z,_Z,3.21925
2023,KOR,A,IRLT,PA,_Z,_Z,_Z,3.642333333333333
2022,KOR,A,IRLT,PA,_Z,_Z,_Z,3.3635
2021,KOR,A,IRLT,PA,_Z,_Z,_Z,2.0645
2020,KOR,A,IRLT,PA,_Z,_Z,_Z,1.49966666666667
2019,KOR,A,IRLT,PA,_Z,_Z,_Z,1.70225
2018,KOR,A,IRLT,PA,_Z,_Z,_Z,2.50275
2017,KOR,A,IRLT,PA,_Z,_Z,_Z,2.28258333333333
2016,KOR,A,IRLT,PA,_Z,_Z,_Z,1.74741666666667
2015,KOR,A,IRLT,PA,_Z,_Z,_Z,2.30575
2014,KOR,A,IRLT,PA,_Z,_Z,_Z,3.18633333333333
2013,KOR,A,IRLT,PA,_Z,_Z,_Z,3.27808333333333
2012,KOR,A,IRLT,PA,_Z,_Z,_Z,3.4475
2011,KOR,A,IRLT,PA,_Z,_Z,_Z,4.2025
2010,KOR,A,IRLT,PA,_Z,_Z,_Z,4.77333333333333
2009,KOR,A,IRLT,PA,_Z,_Z,_Z,5.16583333333333
2008,KOR,A,IRLT,PA,_Z,_Z,_Z,5.56833333333333
2007,KOR,A,IRLT,PA,_Z,_Z,_Z,5.35083333333333
2006,KOR,A,IRLT,PA,_Z,_Z,_Z,5.15166666666667
2005,KOR,A,IRLT,PA,_Z,_Z,_Z,4.95
2004,KOR,A,IRLT,PA,_Z,_Z,_Z,4.72833333333333
2003,KOR,A,IRLT,PA,_Z,_Z,_Z,5.04833333333333
2001,LVA,A,UNEMP,PT_LF,_T,Y,_Z,13.475
2000,LVA,A,UNEMP,PT_LF,_T,Y,_Z,14.3416666666667
2024,LVA,A,IRLT,PA,_Z,_Z,_Z,3.2874999999999996
2007,LVA,A,IRLT,PA,_Z,_Z,_Z,5.2825
2006,LVA,A,IRLT,PA,_Z,_Z,_Z,4.13333333333333
2005,LVA,A,IRLT,PA,_Z,_Z,_Z,3.875
2004,LVA,A,IRLT,PA,_Z,_Z,_Z,4.8575
2003,LVA,A,IRLT,PA,_Z,_Z,_Z,4.90083333333333
2002,LVA,A,IRLT,PA,_Z,_Z,_Z,5.40833333333333
2001,LVA,A,IRLT,PA,_Z,_Z,_Z,7.57333333333333
2023,LVA,A,IRLT,PA,_Z,_Z,_Z,3.828333333333333
2022,LVA,A,IRLT,PA,_Z,_Z,_Z,2.2725
2021,LVA,A,IRLT,PA,_Z,_Z,_Z,-0.0025
2020,LVA,A,IRLT,PA,_Z,_Z,_Z,-0.0625
2019,LVA,A,IRLT,PA,_Z,_Z,_Z,0.3425
2018,LVA,A,IRLT,PA,_Z,_Z,_Z,0.9025
2017,LVA,A,IRLT,PA,_Z,_Z,_Z,0.834166666666666
2016,LVA,A,IRLT,PA,_Z,_Z,_Z,0.534166666666667
2015,LVA,A,IRLT,PA,_Z,_Z,_Z,0.963333333333334
2014,LVA,A,IRLT,PA,_Z,_Z,_Z,2.50833333333333
2013,LVA,A,IRLT,PA,_Z,_Z,_Z,3.34
2012,LVA,A,IRLT,PA,_Z,_Z,_Z,4.565
2011,LVA,A,IRLT,PA,_Z,_Z,_Z,5.9075
2010,LVA,A,IRLT,PA,_Z,_Z,_Z,10.3375
2009,LVA,A,IRLT,PA,_Z,_Z,_Z,12.3575
2008,LVA,A,IRLT,PA,_Z,_Z,_Z,6.43166666666667
2024,LVA,A,UNEMP,PT_LF,_T,Y,_Z,6.925
2023,LVA,A,UNEMP,PT_LF,_T,Y,_Z,6.508333333333333
2022,LVA,A,UNEMP,PT_LF,_T,Y,_Z,6.858333333333333
2021,LVA,A,UNEMP,PT_LF,_T,Y,_Z,7.575
2020,LVA,A,UNEMP,PT_LF,_T,Y,_Z,8.09166666666667
2019,LVA,A,UNEMP,PT_LF,_T,Y,_Z,6.31666666666667
2011,ISL,A,UNEMP,PT_LF,_T,Y,_Z,7.925
2010,ISL,A,UNEMP,PT_LF,_T,Y,_Z,8.591666666666667
2021,ISL,A,IRLT,PA,_Z,_Z,_Z,0.778333333333333
2020,ISL,A,IRLT,PA,_Z,_Z,_Z,0.340833333333333
2019,ISL,A,IRLT,PA,_Z,_Z,_Z,1.08583333333333
2018,ISL,A,IRLT,PA,_Z,_Z,_Z,1.8425
2017,ISL,A,IRLT,PA,_Z,_Z,_Z,2.21583333333333
2016,ISL,A,IRLT,PA,_Z,_Z,_Z,2.77583333333333
2015,ISL,A,IRLT,PA,_Z,_Z,_Z,2.66083333333333
2014,ISL,A,IRLT,PA,_Z,_Z,_Z,3.20166666666667
2013,ISL,A,IRLT,PA,_Z,_Z,_Z,2.55166666666667
2012,ISL,A,IRLT,PA,_Z,_Z,_Z,2.27666666666667
2011,ISL,A,IRLT,PA,_Z,_Z,_Z,2.94666666666667
2010,ISL,A,IRLT,PA,_Z,_Z,_Z,3.49333333333333
2009,ISL,A,IRLT,PA,_Z,_Z,_Z,4.29942858583333
2008,ISL,A,IRLT,PA,_Z,_Z,_Z,4.300186665
2007,ISL,A,IRLT,PA,_Z,_Z,_Z,4.96211657
2006,ISL,A,IRLT,PA,_Z,_Z,_Z,4.381775
2005,ISL,A,IRLT,PA,_Z,_Z,_Z,3.70416666666667
2000,IRL,A,IRLT,PA,_Z,_Z,_Z,5.512499999999999
2024,IRL,A,UNEMP,PT_LF,_T,Y,_Z,4.291666666666667
2023,IRL,A,UNEMP,PT_LF,_T,Y,_Z,4.308333333333334
2006,IRL,A,UNEMP,PT_LF,_T,Y,_Z,4.79166666666667
2005,IRL,A,UNEMP,PT_LF,_T,Y,_Z,4.63333333333333
2004,IRL,A,UNEMP,PT_LF,_T,Y,_Z,4.74166666666667
2003,IRL,A,UNEMP,PT_LF,_T,Y,_Z,4.85
2002,IRL,A,UNEMP,PT_LF,_T,Y,_Z,4.725
2001,IRL,A,UNEMP,PT_LF,_T,Y,_Z,4.175
2000,IRL,A,UNEMP,PT_LF,_T,Y,_Z,4.4
2022,IRL,A,UNEMP,PT_LF,_T,Y,_Z,4.466666666666667
2021,IRL,A,UNEMP,PT_LF,_T,Y,_Z,6.258333333333333
2020,IRL,A,UNEMP,PT_LF,_T,Y,_Z,5.858333333333333
2019,IRL,A,UNEMP,PT_LF,_T,Y,_Z,5.008333333333333
2018,IRL,A,UNEMP,PT_LF,_T,Y,_Z,5.8
2017,IRL,A,UNEMP,PT_LF,_T,Y,_Z,6.749999999999999
2016,IRL,A,UNEMP,PT_LF,_T,Y,_Z,8.40833333333333
2015,IRL,A,UNEMP,PT_LF,_T,Y,_Z,9.925
2014,IRL,A,UNEMP,PT_LF,_T,Y,_Z,11.8833333333333
2013,IRL,A,UNEMP,PT_LF,_T,Y,_Z,13.775
2012,IRL,A,UNEMP,PT_LF,_T,Y,_Z,15.4833333333333
2011,IRL,A,UNEMP,PT_LF,_T,Y,_Z,15.4083333333333
2010,IRL,A,UNEMP,PT_LF,_T,Y,_Z,14.575
2009,IRL,A,UNEMP,PT_LF,_T,Y,_Z,12.6583333333333
2008,IRL,A,UNEMP,PT_LF,_T,Y,_Z,6.79166666666667
2007,IRL,A,UNEMP,PT_LF,_T,Y,_Z,5
2024,IRL,A,IRLT,PA,_Z,_Z,_Z,2.7175833333333332
2023,IRL,A,IRLT,PA,_Z,_Z,_Z,2.866616666666667
2022,IRL,A,IRLT,PA,_Z,_Z,_Z,1.74561666666667
2000,LUX,A,UNEMP,PT_LF,_T,Y,_Z,2.23333333333333
2024,LUX,A,IRLT,PA,_Z,_Z,_Z,2.7639166666666664
2023,LUX,A,IRLT,PA,_Z,_Z,_Z,2.9665
2006,LUX,A,IRLT,PA,_Z,_Z,_Z,3.30366666666667
2005,LUX,A,IRLT,PA,_Z,_Z,_Z,2.412666666666667
2004,LUX,A,IRLT,PA,_Z,_Z,_Z,2.84341666666667
2003,LUX,A,IRLT,PA,_Z,_Z,_Z,3.316
2002,LUX,A,IRLT,PA,_Z,_Z,_Z,4.70316666666667
2001,LUX,A,IRLT,PA,_Z,_Z,_Z,4.859
2000,LUX,A,IRLT,PA,_Z,_Z,_Z,5.51816666666667
2022,LUX,A,IRLT,PA,_Z,_Z,_Z,1.7275
2021,LUX,A,IRLT,PA,_Z,_Z,_Z,-0.356583333333333
2020,LUX,A,IRLT,PA,_Z,_Z,_Z,-0.413583333333333
2019,LUX,A,IRLT,PA,_Z,_Z,_Z,-0.120583333333333
2018,LUX,A,IRLT,PA,_Z,_Z,_Z,0.564666666666667
2017,LUX,A,IRLT,PA,_Z,_Z,_Z,0.544833333333333
2016,LUX,A,IRLT,PA,_Z,_Z,_Z,0.25425000000000003
2015,LUX,A,IRLT,PA,_Z,_Z,_Z,0.36875
2014,LUX,A,IRLT,PA,_Z,_Z,_Z,1.3368333333333335
2013,LUX,A,IRLT,PA,_Z,_Z,_Z,1.85091666666667
2012,LUX,A,IRLT,PA,_Z,_Z,_Z,1.821
2011,LUX,A,IRLT,PA,_Z,_Z,_Z,2.92333333333333
2010,LUX,A,IRLT,PA,_Z,_Z,_Z,3.16916666666667
2009,LUX,A,IRLT,PA,_Z,_Z,_Z,4.22875
2008,LUX,A,IRLT,PA,_Z,_Z,_Z,4.60816666666667
2007,LUX,A,IRLT,PA,_Z,_Z,_Z,4.46108333333333
2024,LUX,A,UNEMP,PT_LF,_T,Y,_Z,6.208333333333333
2023,LUX,A,UNEMP,PT_LF,_T,Y,_Z,5.216666666666668
2022,LUX,A,UNEMP,PT_LF,_T,Y,_Z,4.6
2021,LUX,A,UNEMP,PT_LF,_T,Y,_Z,5.425
2020,LUX,A,UNEMP,PT_LF,_T,Y,_Z,6.69166666666667
2019,LUX,A,UNEMP,PT_LF,_T,Y,_Z,5.59166666666667
2018,LUX,A,UNEMP,PT_LF,_T,Y,_Z,5.5
2017,LUX,A,UNEMP,PT_LF,_T,Y,_Z,5.61666666666667
2016,LUX,A,UNEMP,PT_LF,_T,Y,_Z,6.33333333333333
2015,LUX,A,UNEMP,PT_LF,_T,Y,_Z,6.45833333333333
2014,LUX,A,UNEMP,PT_LF,_T,Y,_Z,6.05
2013,LUX,A,UNEMP,PT_LF,_T,Y,_Z,5.875
2012,LUX,A,UNEMP,PT_LF,_T,Y,_Z,5.06666666666667
2011,LUX,A,UNEMP,PT_LF,_T,Y,_Z,4.83333333333333
2010,LUX,A,UNEMP,PT_LF,_T,Y,_Z,4.58333333333333
2009,LUX,A,UNEMP,PT_LF,_T,Y,_Z,5.11666666666667
2008,LUX,A,UNEMP,PT_LF,_T,Y,_Z,4.91666666666667
2007,LUX,A,UNEMP,PT_LF,_T,Y,_Z,4.16666666666667
2006,LUX,A,UNEMP,PT_LF,_T,Y,_Z,4.575
2005,LUX,A,UNEMP,PT_LF,_T,Y,_Z,4.65
2004,LUX,A,UNEMP,PT_LF,_T,Y,_Z,4.95
2003,LUX,A,UNEMP,PT_LF,_T,Y,_Z,3.80833333333333
2002,LUX,A,UNEMP,PT_LF,_T,Y,_Z,2.55833333333333
2002,MEX,A,IRLT,PA,_Z,_Z,_Z,10.125
2024,MEX,A,UNEMP,PT_LF,_T,Y,_Z,2.671272651666667
2023,MEX,A,UNEMP,PT_LF,_T,Y,_Z,2.796141005
2006,MEX,A,UNEMP,PT_LF,_T,Y,_Z,3.5967434775
2005,MEX,A,UNEMP,PT_LF,_T,Y,_Z,3.59578537833333
2003,MEX,A,UNEMP,PT_LF,_T,Y,_Z,3.40583333333333
2002,MEX,A,UNEMP,PT_LF,_T,Y,_Z,2.97833333333333
2001,MEX,A,UNEMP,PT_LF,_T,Y,_Z,2.75666666666667
2000,MEX,A,UNEMP,PT_LF,_T,Y,_Z,2.50583333333333
2022,MEX,A,UNEMP,PT_LF,_T,Y,_Z,3.27377120166667
2021,MEX,A,UNEMP,PT_LF,_T,Y,_Z,4.13862064333333
2019,MEX,A,UNEMP,PT_LF,_T,Y,_Z,3.49046186
2018,MEX,A,UNEMP,PT_LF,_T,Y,_Z,3.320195495
2017,MEX,A,UNEMP,PT_LF,_T,Y,_Z,3.41904586166667
2016,MEX,A,UNEMP,PT_LF,_T,Y,_Z,3.88135597083333
2015,MEX,A,UNEMP,PT_LF,_T,Y,_Z,4.35294290916667
2014,MEX,A,UNEMP,PT_LF,_T,Y,_Z,4.82895774916667
2013,MEX,A,UNEMP,PT_LF,_T,Y,_Z,4.92946614916667
2012,MEX,A,UNEMP,PT_LF,_T,Y,_Z,4.95276899333333
2011,MEX,A,UNEMP,PT_LF,_T,Y,_Z,5.23357277083333
2010,MEX,A,UNEMP,PT_LF,_T,Y,_Z,5.38087571416667
2009,MEX,A,UNEMP,PT_LF,_T,Y,_Z,5.47906766
2008,MEX,A,UNEMP,PT_LF,_T,Y,_Z,3.97465474583333
2007,MEX,A,UNEMP,PT_LF,_T,Y,_Z,3.7216039175
2006,MEX,A,IRLT,PA,_Z,_Z,_Z,8.38833333333334
2005,MEX,A,IRLT,PA,_Z,_Z,_Z,9.4175
2004,MEX,A,IRLT,PA,_Z,_Z,_Z,9.53833333333334
2000,NLD,A,IRLT,PA,_Z,_Z,_Z,5.403333333333332
2024,NLD,A,UNEMP,PT_LF,_T,Y,_Z,3.6666666666666665
2023,NLD,A,UNEMP,PT_LF,_T,Y,_Z,3.5416666666666665
2006,NLD,A,UNEMP,PT_LF,_T,Y,_Z,6.08333333333333
2005,NLD,A,UNEMP,PT_LF,_T,Y,_Z,6.95833333333333
2004,NLD,A,UNEMP,PT_LF,_T,Y,_Z,6.775
2019,ITA,A,IRLT,PA,_Z,_Z,_Z,1.9515000000000002
2018,ITA,A,IRLT,PA,_Z,_Z,_Z,2.6103333333333336
2017,ITA,A,IRLT,PA,_Z,_Z,_Z,2.113
2016,ITA,A,IRLT,PA,_Z,_Z,_Z,1.4863333333333333
2015,ITA,A,IRLT,PA,_Z,_Z,_Z,1.7139166666666668
2014,ITA,A,IRLT,PA,_Z,_Z,_Z,2.893166666666666
2013,ITA,A,IRLT,PA,_Z,_Z,_Z,4.316416666666665
2012,ITA,A,IRLT,PA,_Z,_Z,_Z,5.492750000000001
2011,ITA,A,IRLT,PA,_Z,_Z,_Z,5.422833333333334
2010,ITA,A,IRLT,PA,_Z,_Z,_Z,4.035833333333333
2009,ITA,A,IRLT,PA,_Z,_Z,_Z,4.311166666666666
2008,ITA,A,IRLT,PA,_Z,_Z,_Z,4.681333333333334
2007,ITA,A,IRLT,PA,_Z,_Z,_Z,4.4872499999999995
2006,ITA,A,IRLT,PA,_Z,_Z,_Z,4.0464166666666666
2005,ITA,A,IRLT,PA,_Z,_Z,_Z,3.5552499999999996
2004,ITA,A,IRLT,PA,_Z,_Z,_Z,4.2588333333333335
2003,ITA,A,IRLT,PA,_Z,_Z,_Z,4.248083333333334
2002,ITA,A,IRLT,PA,_Z,_Z,_Z,5.0343333333333335
2000,JPN,A,IRLT,PA,_Z,_Z,_Z,1.74441666666667
2024,JPN,A,UNEMP,PT_LF,_T,Y,_Z,2.5500000000000003
2023,JPN,A,UNEMP,PT_LF,_T,Y,_Z,2.566666666666667
2006,JPN,A,UNEMP,PT_LF,_T,Y,_Z,4.14166666666667
2005,JPN,A,UNEMP,PT_LF,_T,Y,_Z,4.425
2004,JPN,A,UNEMP,PT_LF,_T,Y,_Z,4.71666666666667
2003,JPN,A,UNEMP,PT_LF,_T,Y,_Z,5.25833333333333
2002,JPN,A,UNEMP,PT_LF,_T,Y,_Z,5.375
2001,JPN,A,UNEMP,PT_LF,_T,Y,_Z,5.03333333333333
2000,JPN,A,UNEMP,PT_LF,_T,Y,_Z,4.71666666666667
2022,JPN,A,UNEMP,PT_LF,_T,Y,_Z,2.6
2021,JPN,A,UNEMP,PT_LF,_T,Y,_Z,2.81666666666667
2020,JPN,A,UNEMP,PT_LF,_T,Y,_Z,2.775
2019,JPN,A,UNEMP,PT_LF,_T,Y,_Z,2.35
2018,JPN,A,UNEMP,PT_LF,_T,Y,_Z,2.44166666666667
2017,JPN,A,UNEMP,PT_LF,_T,Y,_Z,2.80833333333333
2016,JPN,A,UNEMP,PT_LF,_T,Y,_Z,3.11666666666667
2015,JPN,A,UNEMP,PT_LF,_T,Y,_Z,3.375
2014,JPN,A,UNEMP,PT_LF,_T,Y,_Z,3.59166666666667
2013,JPN,A,UNEMP,PT_LF,_T,Y,_Z,4.025
2012,JPN,A,UNEMP,PT_LF,_T,Y,_Z,4.35
2011,JPN,A,UNEMP,PT_LF,_T,Y,_Z,4.58333333333333
2010,JPN,A,UNEMP,PT_LF,_T,Y,_Z,5.05
2009,JPN,A,UNEMP,PT_LF,_T,Y,_Z,5.06666666666667
2008,JPN,A,UNEMP,PT_LF,_T,Y,_Z,3.99166666666667
2007,JPN,A,UNEMP,PT_LF,_T,Y,_Z,3.84166666666667
2024,JPN,A,IRLT,PA,_Z,_Z,_Z,0.9183333333333334
2023,JPN,A,IRLT,PA,_Z,_Z,_Z,0.5625000000000001
2022,JPN,A,IRLT,PA,_Z,_Z,_Z,0.231666666666667
2021,JPN,A,IRLT,PA,_Z,_Z,_Z,0.0716666666666667
2020,JPN,A,IRLT,PA,_Z,_Z,_Z,-0.00541666666666666
2019,JPN,A,IRLT,PA,_Z,_Z,_Z,-0.110416666666667
2018,JPN,A,IRLT,PA,_Z,_Z,_Z,0.065
2017,JPN,A,IRLT,PA,_Z,_Z,_Z,0.0516666666666667
2016,JPN,A,IRLT,PA,_Z,_Z,_Z,-0.06625
2015,JPN,A,IRLT,PA,_Z,_Z,_Z,0.35
2014,JPN,A,IRLT,PA,_Z,_Z,_Z,0.520333333333333
2013,JPN,A,IRLT,PA,_Z,_Z,_Z,0.689666666666667
2012,JPN,A,IRLT,PA,_Z,_Z,_Z,0.835583333333333
2020,NZL,A,UNEMP,PT_LF,_T,Y,_Z,4.6
2019,NZL,A,UNEMP,PT_LF,_T,Y,_Z,4.1
2018,NZL,A,UNEMP,PT_LF,_T,Y,_Z,4.325
2017,NZL,A,UNEMP,PT_LF,_T,Y,_Z,4.725
2016,NZL,A,UNEMP,PT_LF,_T,Y,_Z,5.125
2015,NZL,A,UNEMP,PT_LF,_T,Y,_Z,5.4
2014,NZL,A,UNEMP,PT_LF,_T,Y,_Z,5.425
2013,NZL,A,UNEMP,PT_LF,_T,Y,_Z,5.85
2012,NZL,A,UNEMP,PT_LF,_T,Y,_Z,6.475
2011,NZL,A,UNEMP,PT_LF,_T,Y,_Z,6.025
2010,NZL,A,UNEMP,PT_LF,_T,Y,_Z,6.225
2009,NZL,A,UNEMP,PT_LF,_T,Y,_Z,5.875
2008,NZL,A,UNEMP,PT_LF,_T,Y,_Z,4.025
2007,NZL,A,UNEMP,PT_LF,_T,Y,_Z,3.575
2006,NZL,A,UNEMP,PT_LF,_T,Y,_Z,3.85
2005,NZL,A,UNEMP,PT_LF,_T,Y,_Z,3.825
2004,NZL,A,UNEMP,PT_LF,_T,Y,_Z,4.025
2003,NZL,A,UNEMP,PT_LF,_T,Y,_Z,4.775
2002,NZL,A,UNEMP,PT_LF,_T,Y,_Z,5.3
2000,NOR,A,IRLT,PA,_Z,_Z,_Z,6.21833333333333
2024,NOR,A,UNEMP,PT_LF,_T,Y,_Z,4.0249999999999995
2023,NOR,A,UNEMP,PT_LF,_T,Y,_Z,3.583333333333333
2006,NOR,A,UNEMP,PT_LF,_T,Y,_Z,3.6
2004,NOR,A,UNEMP,PT_LF,_T,Y,_Z,4.275
2003,NOR,A,UNEMP,PT_LF,_T,Y,_Z,4.20833333333333
2002,NOR,A,UNEMP,PT_LF,_T,Y,_Z,3.66666666666667
2001,NOR,A,UNEMP,PT_LF,_T,Y,_Z,3.40833333333333
2000,NOR,A,UNEMP,PT_LF,_T,Y,_Z,3.24166666666667
2022,NOR,A,UNEMP,PT_LF,_T,Y,_Z,3.23333333333333
2021,NOR,A,UNEMP,PT_LF,_T,Y,_Z,4.45833333333333
2020,NOR,A,UNEMP,PT_LF,_T,Y,_Z,4.75
2019,NOR,A,UNEMP,PT_LF,_T,Y,_Z,3.875
2018,NOR,A,UNEMP,PT_LF,_T,Y,_Z,3.99166666666667
2017,NOR,A,UNEMP,PT_LF,_T,Y,_Z,4.36666666666667
2016,NOR,A,UNEMP,PT_LF,_T,Y,_Z,4.90833333333333
2015,NOR,A,UNEMP,PT_LF,_T,Y,_Z,4.69166666666667
2014,NOR,A,UNEMP,PT_LF,_T,Y,_Z,3.775
2013,NOR,A,UNEMP,PT_LF,_T,Y,_Z,3.93333333333333
2012,NOR,A,UNEMP,PT_LF,_T,Y,_Z,3.48333333333333
2011,NOR,A,UNEMP,PT_LF,_T,Y,_Z,3.56666666666667
2010,NOR,A,UNEMP,PT_LF,_T,Y,_Z,3.95833333333333
2009,NOR,A,UNEMP,PT_LF,_T,Y,_Z,3.45833333333333
2008,NOR,A,UNEMP,PT_LF,_T,Y,_Z,2.93333333333333
2007,NOR,A,UNEMP,PT_LF,_T,Y,_Z,2.71666666666667
2024,NOR,A,IRLT,PA,_Z,_Z,_Z,3.559381203599139
2023,NOR,A,IRLT,PA,_Z,_Z,_Z,3.439586102092354
2022,NOR,A,IRLT,PA,_Z,_Z,_Z,2.8784130291005288
2021,NOR,A,IRLT,PA,_Z,_Z,_Z,1.41587037037037
2020,NOR,A,IRLT,PA,_Z,_Z,_Z,0.8175
2019,NOR,A,IRLT,PA,_Z,_Z,_Z,1.49416666666667
2018,NOR,A,IRLT,PA,_Z,_Z,_Z,1.87916666666667
2017,NOR,A,IRLT,PA,_Z,_Z,_Z,1.6375
2016,NOR,A,IRLT,PA,_Z,_Z,_Z,1.33166666666667
2015,NOR,A,IRLT,PA,_Z,_Z,_Z,1.565
2014,NOR,A,IRLT,PA,_Z,_Z,_Z,2.515
2013,NOR,A,IRLT,PA,_Z,_Z,_Z,2.5775
2012,NOR,A,IRLT,PA,_Z,_Z,_Z,2.10166666666667
2011,NOR,A,IRLT,PA,_Z,_Z,_Z,3.135
2010,NOR,A,IRLT,PA,_Z,_Z,_Z,3.52833333333333
2009,NOR,A,IRLT,PA,_Z,_Z,_Z,3.99833333333333
2008,NOR,A,IRLT,PA,_Z,_Z,_Z,4.45833333333333
2007,NOR,A,IRLT,PA,_Z,_Z,_Z,4.77416666666667
2006,NOR,A,IRLT,PA,_Z,_Z,_Z,4.07666666666667
2005,NOR,A,IRLT,PA,_Z,_Z,_Z,3.74583333333333
2004,NOR,A,IRLT,PA,_Z,_Z,_Z,4.36833333333333
2003,NOR,A,IRLT,PA,_Z,_Z,_Z,5.045
2002,NOR,A,IRLT,PA,_Z,_Z,_Z,6.38416666666667
2001,POL,A,UNEMP,PT_LF,_T,Y,_Z,18.3083333333333
2000,POL,A,UNEMP,PT_LF,_T,Y,_Z,16.075
2024,POL,A,IRLT,PA,_Z,_Z,_Z,5.525000000000001
2007,POL,A,IRLT,PA,_Z,_Z,_Z,5.48433333333333
2006,POL,A,IRLT,PA,_Z,_Z,_Z,5.23166666666667
2005,POL,A,IRLT,PA,_Z,_Z,_Z,5.21833333333333
2004,POL,A,IRLT,PA,_Z,_Z,_Z,6.89666666666667
2018,LVA,A,UNEMP,PT_LF,_T,Y,_Z,7.4
2017,LVA,A,UNEMP,PT_LF,_T,Y,_Z,8.70833333333334
2016,LVA,A,UNEMP,PT_LF,_T,Y,_Z,9.63333333333333
2015,LVA,A,UNEMP,PT_LF,_T,Y,_Z,9.875
2014,LVA,A,UNEMP,PT_LF,_T,Y,_Z,10.8416666666667
2013,LVA,A,UNEMP,PT_LF,_T,Y,_Z,11.8583333333333
2012,LVA,A,UNEMP,PT_LF,_T,Y,_Z,15.0416666666667
2011,LVA,A,UNEMP,PT_LF,_T,Y,_Z,16.2083333333333
2010,LVA,A,UNEMP,PT_LF,_T,Y,_Z,19.475
2009,LVA,A,UNEMP,PT_LF,_T,Y,_Z,17.55
2008,LVA,A,UNEMP,PT_LF,_T,Y,_Z,7.75
2007,LVA,A,UNEMP,PT_LF,_T,Y,_Z,6.075
2006,LVA,A,UNEMP,PT_LF,_T,Y,_Z,7.03333333333333
2005,LVA,A,UNEMP,PT_LF,_T,Y,_Z,10.0416666666667
2004,LVA,A,UNEMP,PT_LF,_T,Y,_Z,11.7416666666667
2003,LVA,A,UNEMP,PT_LF,_T,Y,_Z,11.6416666666667
2001,LTU,A,UNEMP,PT_LF,_T,Y,_Z,17.4166666666667
2000,LTU,A,UNEMP,PT_LF,_T,Y,_Z,16.4416666666667
2024,LTU,A,IRLT,PA,_Z,_Z,_Z,2.8800000000000003
2007,LTU,A,IRLT,PA,_Z,_Z,_Z,4.54475
2006,LTU,A,IRLT,PA,_Z,_Z,_Z,4.07866666666667
2005,LTU,A,IRLT,PA,_Z,_Z,_Z,3.69741666666667
2004,LTU,A,IRLT,PA,_Z,_Z,_Z,4.50258333333333
2003,LTU,A,IRLT,PA,_Z,_Z,_Z,5.32033333333333
2002,LTU,A,IRLT,PA,_Z,_Z,_Z,6.06325
2001,LTU,A,IRLT,PA,_Z,_Z,_Z,8.15225
2023,LTU,A,IRLT,PA,_Z,_Z,_Z,2.8800000000000003
2022,LTU,A,IRLT,PA,_Z,_Z,_Z,0.613333333333333
2021,LTU,A,IRLT,PA,_Z,_Z,_Z,0.16
2020,LTU,A,IRLT,PA,_Z,_Z,_Z,0.223333333333333
2019,LTU,A,IRLT,PA,_Z,_Z,_Z,0.31
2018,LTU,A,IRLT,PA,_Z,_Z,_Z,0.31
2017,LTU,A,IRLT,PA,_Z,_Z,_Z,0.31
2016,LTU,A,IRLT,PA,_Z,_Z,_Z,0.898333333333333
2015,LTU,A,IRLT,PA,_Z,_Z,_Z,1.38083333333333
2014,LTU,A,IRLT,PA,_Z,_Z,_Z,2.7925
2013,LTU,A,IRLT,PA,_Z,_Z,_Z,3.83166666666667
2012,LTU,A,IRLT,PA,_Z,_Z,_Z,4.83083333333333
2011,LTU,A,IRLT,PA,_Z,_Z,_Z,5.16
2010,LTU,A,IRLT,PA,_Z,_Z,_Z,5.56666666666667
2009,LTU,A,IRLT,PA,_Z,_Z,_Z,14.0044166666667
2008,LTU,A,IRLT,PA,_Z,_Z,_Z,5.60775
2024,LTU,A,UNEMP,PT_LF,_T,Y,_Z,7.133333333333334
2023,LTU,A,UNEMP,PT_LF,_T,Y,_Z,6.875
2022,LTU,A,UNEMP,PT_LF,_T,Y,_Z,5.95
2021,LTU,A,UNEMP,PT_LF,_T,Y,_Z,7.141666666666666
2020,LTU,A,UNEMP,PT_LF,_T,Y,_Z,8.51666666666667
2019,LTU,A,UNEMP,PT_LF,_T,Y,_Z,6.28333333333333
2018,LTU,A,UNEMP,PT_LF,_T,Y,_Z,6.18333333333333
2017,LTU,A,UNEMP,PT_LF,_T,Y,_Z,7.11666666666666
2016,LTU,A,UNEMP,PT_LF,_T,Y,_Z,7.9
2015,LTU,A,UNEMP,PT_LF,_T,Y,_Z,9.13333333333334
2014,LTU,A,UNEMP,PT_LF,_T,Y,_Z,10.725
2013,LTU,A,UNEMP,PT_LF,_T,Y,_Z,11.8
2012,LTU,A,UNEMP,PT_LF,_T,Y,_Z,13.4083333333333
2011,LTU,A,UNEMP,PT_LF,_T,Y,_Z,15.3916666666667
2010,LTU,A,UNEMP,PT_LF,_T,Y,_Z,17.8416666666667
2009,LTU,A,UNEMP,PT_LF,_T,Y,_Z,13.8
2008,LTU,A,UNEMP,PT_LF,_T,Y,_Z,5.825
2007,LTU,A,UNEMP,PT_LF,_T,Y,_Z,4.25833333333333
2006,LTU,A,UNEMP,PT_LF,_T,Y,_Z,5.79166666666667
2005,LTU,A,UNEMP,PT_LF,_T,Y,_Z,8.31666666666667
2004,LTU,A,UNEMP,PT_LF,_T,Y,_Z,10.8916666666667
2003,LTU,A,UNEMP,PT_LF,_T,Y,_Z,12.4333333333333
2010,PRT,A,UNEMP,PT_LF,_T,Y,_Z,12.5833333333333
2009,PRT,A,UNEMP,PT_LF,_T,Y,_Z,11.225
2008,PRT,A,UNEMP,PT_LF,_T,Y,_Z,9.24166666666667
2007,PRT,A,UNEMP,PT_LF,_T,Y,_Z,9.58333333333333
2006,PRT,A,UNEMP,PT_LF,_T,Y,_Z,9.3
2005,PRT,A,UNEMP,PT_LF,_T,Y,_Z,9.23333333333334
2004,PRT,A,UNEMP,PT_LF,_T,Y,_Z,8.16666666666666
2003,PRT,A,UNEMP,PT_LF,_T,Y,_Z,7.80833333333333
2002,PRT,A,UNEMP,PT_LF,_T,Y,_Z,6.46666666666667
2001,SVK,A,IRLT,PA,_Z,_Z,_Z,8.04334925852322
2024,SVK,A,UNEMP,PT_LF,_T,Y,_Z,5.3500000000000005
2023,SVK,A,UNEMP,PT_LF,_T,Y,_Z,5.8500000000000005
2006,SVK,A,UNEMP,PT_LF,_T,Y,_Z,13.4666666666667
2005,SVK,A,UNEMP,PT_LF,_T,Y,_Z,16.375
2004,SVK,A,UNEMP,PT_LF,_T,Y,_Z,18.3583333333333
2003,SVK,A,UNEMP,PT_LF,_T,Y,_Z,17.6916666666667
2002,SVK,A,UNEMP,PT_LF,_T,Y,_Z,18.8083333333333
2001,SVK,A,UNEMP,PT_LF,_T,Y,_Z,19.4583333333333
2000,SVK,A,UNEMP,PT_LF,_T,Y,_Z,18.9083333333333
2022,SVK,A,UNEMP,PT_LF,_T,Y,_Z,6.15
2021,SVK,A,UNEMP,PT_LF,_T,Y,_Z,6.825
2020,SVK,A,UNEMP,PT_LF,_T,Y,_Z,6.65833333333333
2019,SVK,A,UNEMP,PT_LF,_T,Y,_Z,5.71666666666667
2018,SVK,A,UNEMP,PT_LF,_T,Y,_Z,6.50833333333333
2017,SVK,A,UNEMP,PT_LF,_T,Y,_Z,8.08333333333334
2016,SVK,A,UNEMP,PT_LF,_T,Y,_Z,9.65833333333333
2015,SVK,A,UNEMP,PT_LF,_T,Y,_Z,11.4666666666667
2014,SVK,A,UNEMP,PT_LF,_T,Y,_Z,13.1
2013,SVK,A,UNEMP,PT_LF,_T,Y,_Z,14.1333333333333
2012,SVK,A,UNEMP,PT_LF,_T,Y,_Z,13.9
2011,SVK,A,UNEMP,PT_LF,_T,Y,_Z,13.6083333333333
2010,SVK,A,UNEMP,PT_LF,_T,Y,_Z,14.433333333333334
2009,SVK,A,UNEMP,PT_LF,_T,Y,_Z,12.0833333333333
2007,SVK,A,UNEMP,PT_LF,_T,Y,_Z,11.2333333333333
2024,SVK,A,IRLT,PA,_Z,_Z,_Z,3.4734611666666666
2023,SVK,A,IRLT,PA,_Z,_Z,_Z,3.649201916666667
2022,SVK,A,IRLT,PA,_Z,_Z,_Z,2.07405458333333
2021,SVK,A,IRLT,PA,_Z,_Z,_Z,-0.0802351666666667
2020,SVK,A,IRLT,PA,_Z,_Z,_Z,-0.03828775
2019,SVK,A,IRLT,PA,_Z,_Z,_Z,0.24631075
2018,SVK,A,IRLT,PA,_Z,_Z,_Z,0.885511
2017,SVK,A,IRLT,PA,_Z,_Z,_Z,0.915360666666666
2016,SVK,A,IRLT,PA,_Z,_Z,_Z,0.54440925
2015,SVK,A,IRLT,PA,_Z,_Z,_Z,0.88525
2014,SVK,A,IRLT,PA,_Z,_Z,_Z,2.07170141666667
2013,SVK,A,IRLT,PA,_Z,_Z,_Z,3.18637683333333
2012,SVK,A,IRLT,PA,_Z,_Z,_Z,4.55323091666667
2011,SVK,A,IRLT,PA,_Z,_Z,_Z,4.44820558333333
2010,SVK,A,IRLT,PA,_Z,_Z,_Z,3.87164658333333
2009,SVK,A,IRLT,PA,_Z,_Z,_Z,4.70651225
2008,SVK,A,IRLT,PA,_Z,_Z,_Z,4.72318268611633
2007,SVK,A,IRLT,PA,_Z,_Z,_Z,4.49072595625
2006,SVK,A,IRLT,PA,_Z,_Z,_Z,4.412181215625
2005,SVK,A,IRLT,PA,_Z,_Z,_Z,3.521579771875
2004,SVK,A,IRLT,PA,_Z,_Z,_Z,5.02614344166667
2003,SVK,A,IRLT,PA,_Z,_Z,_Z,4.98586583333333
2003,SVN,A,IRLT,PA,_Z,_Z,_Z,6.40166666666667
2024,SVN,A,UNEMP,PT_LF,_T,Y,_Z,3.708333333333333
2023,SVN,A,UNEMP,PT_LF,_T,Y,_Z,3.6583333333333337
2006,SVN,A,UNEMP,PT_LF,_T,Y,_Z,5.99166666666667
2005,SVN,A,UNEMP,PT_LF,_T,Y,_Z,6.54166666666667
2004,SVN,A,UNEMP,PT_LF,_T,Y,_Z,6.34166666666667
2003,SVN,A,UNEMP,PT_LF,_T,Y,_Z,6.7
2002,SVN,A,UNEMP,PT_LF,_T,Y,_Z,6.34166666666667
2001,SVN,A,UNEMP,PT_LF,_T,Y,_Z,6.19166666666667
2000,SVN,A,UNEMP,PT_LF,_T,Y,_Z,6.74166666666667
2003,NLD,A,UNEMP,PT_LF,_T,Y,_Z,5.90833333333333
2001,NLD,A,UNEMP,PT_LF,_T,Y,_Z,3.075
2000,NLD,A,UNEMP,PT_LF,_T,Y,_Z,3.66666666666667
2022,NLD,A,UNEMP,PT_LF,_T,Y,_Z,3.54166666666667
2021,NLD,A,UNEMP,PT_LF,_T,Y,_Z,4.225
2020,NLD,A,UNEMP,PT_LF,_T,Y,_Z,4.85
2019,NLD,A,UNEMP,PT_LF,_T,Y,_Z,4.43333333333333
2018,NLD,A,UNEMP,PT_LF,_T,Y,_Z,4.86666666666667
2017,NLD,A,UNEMP,PT_LF,_T,Y,_Z,5.875
2016,NLD,A,UNEMP,PT_LF,_T,Y,_Z,7
2015,NLD,A,UNEMP,PT_LF,_T,Y,_Z,7.89166666666667
2014,NLD,A,UNEMP,PT_LF,_T,Y,_Z,8.35
2013,NLD,A,UNEMP,PT_LF,_T,Y,_Z,8.19166666666667
2012,NLD,A,UNEMP,PT_LF,_T,Y,_Z,6.81666666666667
2011,NLD,A,UNEMP,PT_LF,_T,Y,_Z,6.05
2010,NLD,A,UNEMP,PT_LF,_T,Y,_Z,6.06666666666667
2009,NLD,A,UNEMP,PT_LF,_T,Y,_Z,5.425
2008,NLD,A,UNEMP,PT_LF,_T,Y,_Z,4.75833333333333
2007,NLD,A,UNEMP,PT_LF,_T,Y,_Z,5.30833333333333
2024,NLD,A,IRLT,PA,_Z,_Z,_Z,2.6205000000000003
2023,NLD,A,IRLT,PA,_Z,_Z,_Z,2.792
2022,NLD,A,IRLT,PA,_Z,_Z,_Z,1.37766666666667
2021,NLD,A,IRLT,PA,_Z,_Z,_Z,-0.328083333333333
2020,NLD,A,IRLT,PA,_Z,_Z,_Z,-0.376833333333333
2019,NLD,A,IRLT,PA,_Z,_Z,_Z,-0.0701666666666666
2018,NLD,A,IRLT,PA,_Z,_Z,_Z,0.576916666666667
2017,NLD,A,IRLT,PA,_Z,_Z,_Z,0.522083333333333
2016,NLD,A,IRLT,PA,_Z,_Z,_Z,0.29108333333333336
2015,NLD,A,IRLT,PA,_Z,_Z,_Z,0.6903333333333332
2014,NLD,A,IRLT,PA,_Z,_Z,_Z,1.45466666666667
2013,NLD,A,IRLT,PA,_Z,_Z,_Z,1.9605833333333333
2012,NLD,A,IRLT,PA,_Z,_Z,_Z,1.93225
2011,NLD,A,IRLT,PA,_Z,_Z,_Z,2.988583333333333
2010,NLD,A,IRLT,PA,_Z,_Z,_Z,2.990083333333333
2009,NLD,A,IRLT,PA,_Z,_Z,_Z,3.686833333333334
2008,NLD,A,IRLT,PA,_Z,_Z,_Z,4.22775
2007,NLD,A,IRLT,PA,_Z,_Z,_Z,4.28775
2006,NLD,A,IRLT,PA,_Z,_Z,_Z,3.7816666666666667
2005,NLD,A,IRLT,PA,_Z,_Z,_Z,3.3739166666666676
2004,NLD,A,IRLT,PA,_Z,_Z,_Z,4.095
2003,NLD,A,IRLT,PA,_Z,_Z,_Z,4.123166666666666
2002,NLD,A,IRLT,PA,_Z,_Z,_Z,4.890249999999999
2000,NZL,A,UNEMP,PT_LF,_T,Y,_Z,6.15
2024,NZL,A,IRLT,PA,_Z,_Z,_Z,4.5625
2023,NZL,A,IRLT,PA,_Z,_Z,_Z,4.6241666666666665
2006,NZL,A,IRLT,PA,_Z,_Z,_Z,5.78083333333333
2005,NZL,A,IRLT,PA,_Z,_Z,_Z,5.875
2004,NZL,A,IRLT,PA,_Z,_Z,_Z,6.06583333333333
2003,NZL,A,IRLT,PA,_Z,_Z,_Z,5.86666666666667
2002,NZL,A,IRLT,PA,_Z,_Z,_Z,6.5275
2001,NZL,A,IRLT,PA,_Z,_Z,_Z,6.39333333333334
2000,NZL,A,IRLT,PA,_Z,_Z,_Z,6.8525
2022,NZL,A,IRLT,PA,_Z,_Z,_Z,3.63916666666667
2021,NZL,A,IRLT,PA,_Z,_Z,_Z,1.815
2020,NZL,A,IRLT,PA,_Z,_Z,_Z,0.890833333333333
2019,NZL,A,IRLT,PA,_Z,_Z,_Z,1.64916666666667
2018,NZL,A,IRLT,PA,_Z,_Z,_Z,2.75416666666667
2017,NZL,A,IRLT,PA,_Z,_Z,_Z,2.99083333333333
2016,NZL,A,IRLT,PA,_Z,_Z,_Z,2.76166666666667
2015,NZL,A,IRLT,PA,_Z,_Z,_Z,3.42333333333333
2014,NZL,A,IRLT,PA,_Z,_Z,_Z,4.30416666666667
2013,NZL,A,IRLT,PA,_Z,_Z,_Z,4.09333333333333
2012,NZL,A,IRLT,PA,_Z,_Z,_Z,3.685
2011,NZL,A,IRLT,PA,_Z,_Z,_Z,4.945
2010,NZL,A,IRLT,PA,_Z,_Z,_Z,5.60333333333333
2009,NZL,A,IRLT,PA,_Z,_Z,_Z,5.45666666666667
2008,NZL,A,IRLT,PA,_Z,_Z,_Z,6.08083333333333
2007,NZL,A,IRLT,PA,_Z,_Z,_Z,6.265
2024,NZL,A,UNEMP,PT_LF,_T,Y,_Z,4.725
2023,NZL,A,UNEMP,PT_LF,_T,Y,_Z,3.6999999999999997
2022,NZL,A,UNEMP,PT_LF,_T,Y,_Z,3.275
2021,NZL,A,UNEMP,PT_LF,_T,Y,_Z,3.8
2005,SWE,A,IRLT,PA,_Z,_Z,_Z,3.3825
2004,SWE,A,IRLT,PA,_Z,_Z,_Z,4.425
2003,SWE,A,IRLT,PA,_Z,_Z,_Z,4.63833333333333
2002,SWE,A,IRLT,PA,_Z,_Z,_Z,5.30333333333333
2001,SWE,A,IRLT,PA,_Z,_Z,_Z,5.1075
2000,SWE,A,IRLT,PA,_Z,_Z,_Z,5.3675
2022,SWE,A,IRLT,PA,_Z,_Z,_Z,1.5237366666666665
2021,SWE,A,IRLT,PA,_Z,_Z,_Z,0.26788133333333325
2020,SWE,A,IRLT,PA,_Z,_Z,_Z,-0.03800223333333333
2019,SWE,A,IRLT,PA,_Z,_Z,_Z,0.0937583333333333
2018,SWE,A,IRLT,PA,_Z,_Z,_Z,0.651666666666667
2017,SWE,A,IRLT,PA,_Z,_Z,_Z,0.655
2016,SWE,A,IRLT,PA,_Z,_Z,_Z,0.519166666666667
2015,SWE,A,IRLT,PA,_Z,_Z,_Z,0.719166666666666
2014,SWE,A,IRLT,PA,_Z,_Z,_Z,1.72
2013,SWE,A,IRLT,PA,_Z,_Z,_Z,2.12083333333333
2012,SWE,A,IRLT,PA,_Z,_Z,_Z,1.5925
2011,SWE,A,IRLT,PA,_Z,_Z,_Z,2.605
2010,SWE,A,IRLT,PA,_Z,_Z,_Z,2.89333333333333
2009,SWE,A,IRLT,PA,_Z,_Z,_Z,3.25
2008,SWE,A,IRLT,PA,_Z,_Z,_Z,3.8875
2007,SWE,A,IRLT,PA,_Z,_Z,_Z,4.1675
2024,SWE,A,UNEMP,PT_LF,_T,Y,_Z,8.35
2023,SWE,A,UNEMP,PT_LF,_T,Y,_Z,7.666666666666666
2022,SWE,A,UNEMP,PT_LF,_T,Y,_Z,7.48333333333333
2021,SWE,A,UNEMP,PT_LF,_T,Y,_Z,8.89166666666667
2020,SWE,A,UNEMP,PT_LF,_T,Y,_Z,8.48333333333334
2019,SWE,A,UNEMP,PT_LF,_T,Y,_Z,6.90833333333333
2017,SWE,A,UNEMP,PT_LF,_T,Y,_Z,6.85833333333333
2016,SWE,A,UNEMP,PT_LF,_T,Y,_Z,7.15
2015,SWE,A,UNEMP,PT_LF,_T,Y,_Z,7.59166666666667
2014,SWE,A,UNEMP,PT_LF,_T,Y,_Z,8.1
2013,SWE,A,UNEMP,PT_LF,_T,Y,_Z,8.20833333333333
2012,SWE,A,UNEMP,PT_LF,_T,Y,_Z,8.15
2011,SWE,A,UNEMP,PT_LF,_T,Y,_Z,7.95
2010,SWE,A,UNEMP,PT_LF,_T,Y,_Z,8.775
2009,SWE,A,UNEMP,PT_LF,_T,Y,_Z,8.48333333333334
2008,SWE,A,UNEMP,PT_LF,_T,Y,_Z,6.35
2007,SWE,A,UNEMP,PT_LF,_T,Y,_Z,6.31666666666666
2006,SWE,A,UNEMP,PT_LF,_T,Y,_Z,7.24166666666667
2004,SWE,A,UNEMP,PT_LF,_T,Y,_Z,7.375
2003,SWE,A,UNEMP,PT_LF,_T,Y,_Z,6.56666666666667
2002,SWE,A,UNEMP,PT_LF,_T,Y,_Z,5.95
2010,CHE,A,IRLT,PA,_Z,_Z,_Z,1.6319166666666665
2009,CHE,A,IRLT,PA,_Z,_Z,_Z,2.20266666666667
2008,CHE,A,IRLT,PA,_Z,_Z,_Z,2.89683333333333
2016,CHE,A,UNEMP,PT_LF,_T,Y,_Z,4.9191804927589455
2015,CHE,A,UNEMP,PT_LF,_T,Y,_Z,4.800638596252196
2014,CHE,A,UNEMP,PT_LF,_T,Y,_Z,4.829987515398798
2013,CHE,A,UNEMP,PT_LF,_T,Y,_Z,4.747292142222041
2012,CHE,A,UNEMP,PT_LF,_T,Y,_Z,4.484188237313427
2011,CHE,A,UNEMP,PT_LF,_T,Y,_Z,4.401668394045508
2010,CHE,A,UNEMP,PT_LF,_T,Y,_Z,4.803625370376183
2007,CHE,A,IRLT,PA,_Z,_Z,_Z,2.92675
2006,CHE,A,IRLT,PA,_Z,_Z,_Z,2.51708333333333
2005,CHE,A,IRLT,PA,_Z,_Z,_Z,2.0955
2004,CHE,A,IRLT,PA,_Z,_Z,_Z,2.74016666666667
2003,CHE,A,IRLT,PA,_Z,_Z,_Z,2.65875
2003,POL,A,IRLT,PA,_Z,_Z,_Z,5.7775
2002,POL,A,IRLT,PA,_Z,_Z,_Z,7.35583333333333
2001,POL,A,IRLT,PA,_Z,_Z,_Z,10.6816666666667
2023,POL,A,IRLT,PA,_Z,_Z,_Z,5.805833333333333
2022,POL,A,IRLT,PA,_Z,_Z,_Z,6.05333333333333
2021,POL,A,IRLT,PA,_Z,_Z,_Z,1.94416666666667
2020,POL,A,IRLT,PA,_Z,_Z,_Z,1.49916666666667
2019,POL,A,IRLT,PA,_Z,_Z,_Z,2.3475
2018,POL,A,IRLT,PA,_Z,_Z,_Z,3.19833333333333
2017,POL,A,IRLT,PA,_Z,_Z,_Z,3.42
2016,POL,A,IRLT,PA,_Z,_Z,_Z,3.03568922308333
2015,POL,A,IRLT,PA,_Z,_Z,_Z,2.70055645741667
2014,POL,A,IRLT,PA,_Z,_Z,_Z,3.51621117375
2013,POL,A,IRLT,PA,_Z,_Z,_Z,4.03329166666667
2012,POL,A,IRLT,PA,_Z,_Z,_Z,4.99928333333333
2011,POL,A,IRLT,PA,_Z,_Z,_Z,5.95558333333333
2010,POL,A,IRLT,PA,_Z,_Z,_Z,5.78166666666667
2009,POL,A,IRLT,PA,_Z,_Z,_Z,6.12059848483333
2008,POL,A,IRLT,PA,_Z,_Z,_Z,6.07166666666667
2024,POL,A,UNEMP,PT_LF,_T,Y,_Z,2.9
2023,POL,A,UNEMP,PT_LF,_T,Y,_Z,2.816666666666667
2022,POL,A,UNEMP,PT_LF,_T,Y,_Z,2.8833333333333333
2021,POL,A,UNEMP,PT_LF,_T,Y,_Z,3.3833333333333333
2020,POL,A,UNEMP,PT_LF,_T,Y,_Z,3.1416666666666666
2019,POL,A,UNEMP,PT_LF,_T,Y,_Z,3.2333333333333334
2018,POL,A,UNEMP,PT_LF,_T,Y,_Z,3.9000000000000004
2017,POL,A,UNEMP,PT_LF,_T,Y,_Z,4.95833333333333
2016,POL,A,UNEMP,PT_LF,_T,Y,_Z,6.28333333333333
2015,POL,A,UNEMP,PT_LF,_T,Y,_Z,7.68333333333333
2014,POL,A,UNEMP,PT_LF,_T,Y,_Z,9.20833333333334
2013,POL,A,UNEMP,PT_LF,_T,Y,_Z,10.6083333333333
2012,POL,A,UNEMP,PT_LF,_T,Y,_Z,10.3916666666667
2011,POL,A,UNEMP,PT_LF,_T,Y,_Z,9.95
2010,POL,A,UNEMP,PT_LF,_T,Y,_Z,9.98333333333333
2009,POL,A,UNEMP,PT_LF,_T,Y,_Z,8.125
2007,POL,A,UNEMP,PT_LF,_T,Y,_Z,9.60833333333334
2006,POL,A,UNEMP,PT_LF,_T,Y,_Z,13.9666666666667
2005,POL,A,UNEMP,PT_LF,_T,Y,_Z,17.925
2004,POL,A,UNEMP,PT_LF,_T,Y,_Z,19.1416666666667
2003,POL,A,UNEMP,PT_LF,_T,Y,_Z,19.75
2000,PRT,A,UNEMP,PT_LF,_T,Y,_Z,5.26666666666667
2024,PRT,A,IRLT,PA,_Z,_Z,_Z,2.9575
2023,PRT,A,IRLT,PA,_Z,_Z,_Z,3.2375000000000003
2006,PRT,A,IRLT,PA,_Z,_Z,_Z,3.915
2005,PRT,A,IRLT,PA,_Z,_Z,_Z,3.4375
2004,PRT,A,IRLT,PA,_Z,_Z,_Z,4.14333333333333
2003,PRT,A,IRLT,PA,_Z,_Z,_Z,4.17833333333333
2002,PRT,A,IRLT,PA,_Z,_Z,_Z,5.00583333333333
2001,PRT,A,IRLT,PA,_Z,_Z,_Z,5.15833333333333
2000,PRT,A,IRLT,PA,_Z,_Z,_Z,5.595
2022,PRT,A,IRLT,PA,_Z,_Z,_Z,2.17
2021,PRT,A,IRLT,PA,_Z,_Z,_Z,0.295
2020,PRT,A,IRLT,PA,_Z,_Z,_Z,0.416666666666667
2019,PRT,A,IRLT,PA,_Z,_Z,_Z,0.7575
2018,PRT,A,IRLT,PA,_Z,_Z,_Z,1.84
2017,PRT,A,IRLT,PA,_Z,_Z,_Z,3.0525
2016,PRT,A,IRLT,PA,_Z,_Z,_Z,3.1725
2015,PRT,A,IRLT,PA,_Z,_Z,_Z,2.42333333333333
2014,PRT,A,IRLT,PA,_Z,_Z,_Z,3.753333333333334
2013,PRT,A,IRLT,PA,_Z,_Z,_Z,6.29416666666667
2012,PRT,A,IRLT,PA,_Z,_Z,_Z,10.5475
2011,PRT,A,IRLT,PA,_Z,_Z,_Z,10.240833333333333
2010,PRT,A,IRLT,PA,_Z,_Z,_Z,5.396666666666667
2009,PRT,A,IRLT,PA,_Z,_Z,_Z,4.21083333333333
2008,PRT,A,IRLT,PA,_Z,_Z,_Z,4.52
2007,PRT,A,IRLT,PA,_Z,_Z,_Z,4.42333333333333
2024,PRT,A,UNEMP,PT_LF,_T,Y,_Z,6.458333333333334
2023,PRT,A,UNEMP,PT_LF,_T,Y,_Z,6.566666666666667
2022,PRT,A,UNEMP,PT_LF,_T,Y,_Z,6.174999999999999
2021,PRT,A,UNEMP,PT_LF,_T,Y,_Z,6.7333333333333325
2020,PRT,A,UNEMP,PT_LF,_T,Y,_Z,7.108333333333333
2019,PRT,A,UNEMP,PT_LF,_T,Y,_Z,6.65
2018,PRT,A,UNEMP,PT_LF,_T,Y,_Z,7.1499999999999995
2017,PRT,A,UNEMP,PT_LF,_T,Y,_Z,9.241666666666667
2016,PRT,A,UNEMP,PT_LF,_T,Y,_Z,11.475
2015,PRT,A,UNEMP,PT_LF,_T,Y,_Z,12.983333333333333
2014,PRT,A,UNEMP,PT_LF,_T,Y,_Z,14.649999999999999
2013,PRT,A,UNEMP,PT_LF,_T,Y,_Z,17.241666666666667
2012,PRT,A,UNEMP,PT_LF,_T,Y,_Z,16.566666666666666
2011,PRT,A,UNEMP,PT_LF,_T,Y,_Z,13.533333333333331
2002,USA,A,UNEMP,PT_LF,_T,Y,_Z,5.775
2001,USA,A,UNEMP,PT_LF,_T,Y,_Z,4.73333333333333
2000,USA,A,UNEMP,PT_LF,_T,Y,_Z,3.99166666666667
2022,USA,A,UNEMP,PT_LF,_T,Y,_Z,3.65
2021,USA,A,UNEMP,PT_LF,_T,Y,_Z,5.36666666666667
2020,USA,A,UNEMP,PT_LF,_T,Y,_Z,8.09166666666667
2019,USA,A,UNEMP,PT_LF,_T,Y,_Z,3.66666666666667
2018,USA,A,UNEMP,PT_LF,_T,Y,_Z,3.9
2017,USA,A,UNEMP,PT_LF,_T,Y,_Z,4.35
2016,USA,A,UNEMP,PT_LF,_T,Y,_Z,4.86666666666667
2015,USA,A,UNEMP,PT_LF,_T,Y,_Z,5.29166666666667
2014,USA,A,UNEMP,PT_LF,_T,Y,_Z,6.16666666666667
2013,USA,A,UNEMP,PT_LF,_T,Y,_Z,7.375
2012,USA,A,UNEMP,PT_LF,_T,Y,_Z,8.06666666666667
2011,USA,A,UNEMP,PT_LF,_T,Y,_Z,8.95
2010,USA,A,UNEMP,PT_LF,_T,Y,_Z,9.61666666666666
2009,USA,A,UNEMP,PT_LF,_T,Y,_Z,9.26666666666667
2008,USA,A,UNEMP,PT_LF,_T,Y,_Z,5.775
2007,USA,A,UNEMP,PT_LF,_T,Y,_Z,4.61666666666667
2024,USA,A,IRLT,PA,_Z,_Z,_Z,4.208333333333333
2023,USA,A,IRLT,PA,_Z,_Z,_Z,3.9574999999999996
2022,USA,A,IRLT,PA,_Z,_Z,_Z,2.95166666666667
2021,USA,A,IRLT,PA,_Z,_Z,_Z,1.4425
2020,USA,A,IRLT,PA,_Z,_Z,_Z,0.894166666666666
2019,USA,A,IRLT,PA,_Z,_Z,_Z,2.14416666666667
2018,USA,A,IRLT,PA,_Z,_Z,_Z,2.91
2017,USA,A,IRLT,PA,_Z,_Z,_Z,2.33
2016,USA,A,IRLT,PA,_Z,_Z,_Z,1.84166666666667
2015,USA,A,IRLT,PA,_Z,_Z,_Z,2.13583333333333
2014,USA,A,IRLT,PA,_Z,_Z,_Z,2.54083333333333
2013,USA,A,IRLT,PA,_Z,_Z,_Z,2.35083333333333
2012,USA,A,IRLT,PA,_Z,_Z,_Z,1.8025
2011,USA,A,IRLT,PA,_Z,_Z,_Z,2.78583333333333
2010,USA,A,IRLT,PA,_Z,_Z,_Z,3.21416666666667
2009,USA,A,IRLT,PA,_Z,_Z,_Z,3.25666666666667
2008,USA,A,IRLT,PA,_Z,_Z,_Z,3.66666666666667
2007,USA,A,IRLT,PA,_Z,_Z,_Z,4.62916666666667
2006,USA,A,IRLT,PA,_Z,_Z,_Z,4.79166666666667
2005,USA,A,IRLT,PA,_Z,_Z,_Z,4.29
2004,USA,A,IRLT,PA,_Z,_Z,_Z,4.27416666666667
2003,USA,A,IRLT,PA,_Z,_Z,_Z,4.015
2002,USA,A,IRLT,PA,_Z,_Z,_Z,4.61083333333333
2007,G7,A,UNEMP,PT_LF,_T,Y,_Z,5.426052309732015
2024,G7,A,UNEMP,PT_LF,_T,Y,_Z,4.272447276786153
2023,G7,A,UNEMP,PT_LF,_T,Y,_Z,4.066332903474616
2006,G7,A,UNEMP,PT_LF,_T,Y,_Z,5.823609482284938
2005,G7,A,UNEMP,PT_LF,_T,Y,_Z,6.222217382963676
2004,G7,A,UNEMP,PT_LF,_T,Y,_Z,6.399146612972973
2001,G7,A,UNEMP,PT_LF,_T,Y,_Z,5.898833789980867
2000,G7,A,UNEMP,PT_LF,_T,Y,_Z,5.6987567476545955
2022,SVN,A,UNEMP,PT_LF,_T,Y,_Z,4.025
2021,SVN,A,UNEMP,PT_LF,_T,Y,_Z,4.775
2020,SVN,A,UNEMP,PT_LF,_T,Y,_Z,4.98333333333333
2019,SVN,A,UNEMP,PT_LF,_T,Y,_Z,4.44166666666667
2018,SVN,A,UNEMP,PT_LF,_T,Y,_Z,5.125
2017,SVN,A,UNEMP,PT_LF,_T,Y,_Z,6.575
2016,SVN,A,UNEMP,PT_LF,_T,Y,_Z,8.00833333333333
2015,SVN,A,UNEMP,PT_LF,_T,Y,_Z,8.98333333333333
2014,SVN,A,UNEMP,PT_LF,_T,Y,_Z,9.7
2013,SVN,A,UNEMP,PT_LF,_T,Y,_Z,10.1083333333333
2012,SVN,A,UNEMP,PT_LF,_T,Y,_Z,8.85
2011,SVN,A,UNEMP,PT_LF,_T,Y,_Z,8.18333333333333
2010,SVN,A,UNEMP,PT_LF,_T,Y,_Z,7.25833333333333
2009,SVN,A,UNEMP,PT_LF,_T,Y,_Z,5.85
2008,SVN,A,UNEMP,PT_LF,_T,Y,_Z,4.39166666666667
2007,SVN,A,UNEMP,PT_LF,_T,Y,_Z,4.85833333333333
2024,SVN,A,IRLT,PA,_Z,_Z,_Z,3.109166666666667
2023,SVN,A,IRLT,PA,_Z,_Z,_Z,3.4041666666666663
2022,SVN,A,IRLT,PA,_Z,_Z,_Z,1.89183333333333
2021,SVN,A,IRLT,PA,_Z,_Z,_Z,0.0708333333333333
2020,SVN,A,IRLT,PA,_Z,_Z,_Z,0.079
2019,SVN,A,IRLT,PA,_Z,_Z,_Z,0.275
2018,SVN,A,IRLT,PA,_Z,_Z,_Z,0.930833333333333
2017,SVN,A,IRLT,PA,_Z,_Z,_Z,0.96
2016,SVN,A,IRLT,PA,_Z,_Z,_Z,1.14916666666667
2015,SVN,A,IRLT,PA,_Z,_Z,_Z,1.705
2014,SVN,A,IRLT,PA,_Z,_Z,_Z,3.27
2013,SVN,A,IRLT,PA,_Z,_Z,_Z,5.81166666666667
2012,SVN,A,IRLT,PA,_Z,_Z,_Z,5.80833333333333
2011,SVN,A,IRLT,PA,_Z,_Z,_Z,4.97091666666667
2010,SVN,A,IRLT,PA,_Z,_Z,_Z,3.8325
2009,SVN,A,IRLT,PA,_Z,_Z,_Z,4.375
2008,SVN,A,IRLT,PA,_Z,_Z,_Z,4.60633333333333
2007,SVN,A,IRLT,PA,_Z,_Z,_Z,4.53075
2006,SVN,A,IRLT,PA,_Z,_Z,_Z,3.85333333333333
2005,SVN,A,IRLT,PA,_Z,_Z,_Z,3.80666666666667
2000,ESP,A,UNEMP,PT_LF,_T,Y,_Z,11.9166666666667
2024,ESP,A,IRLT,PA,_Z,_Z,_Z,3.153795531400967
2023,ESP,A,IRLT,PA,_Z,_Z,_Z,3.4865070001254774
2006,ESP,A,IRLT,PA,_Z,_Z,_Z,3.784310065320305
2005,ESP,A,IRLT,PA,_Z,_Z,_Z,3.386349534945731
2004,ESP,A,IRLT,PA,_Z,_Z,_Z,4.1041429449777285
2003,ESP,A,IRLT,PA,_Z,_Z,_Z,4.123043584752395
2002,ESP,A,IRLT,PA,_Z,_Z,_Z,4.957641012073991
2001,ESP,A,IRLT,PA,_Z,_Z,_Z,5.115283796805365
2000,ESP,A,IRLT,PA,_Z,_Z,_Z,5.525866059940146
2022,ESP,A,IRLT,PA,_Z,_Z,_Z,2.1985585456146963
2021,ESP,A,IRLT,PA,_Z,_Z,_Z,0.3487502376246941
2020,ESP,A,IRLT,PA,_Z,_Z,_Z,0.3794776366145931
2019,ESP,A,IRLT,PA,_Z,_Z,_Z,0.661018326902566
2018,ESP,A,IRLT,PA,_Z,_Z,_Z,1.4193522684345907
2017,ESP,A,IRLT,PA,_Z,_Z,_Z,1.5578658308595374
2016,ESP,A,IRLT,PA,_Z,_Z,_Z,1.393302220183199
2015,ESP,A,IRLT,PA,_Z,_Z,_Z,1.7350872800826183
2014,ESP,A,IRLT,PA,_Z,_Z,_Z,2.7218310821107443
2013,ESP,A,IRLT,PA,_Z,_Z,_Z,4.561962038866931
2012,ESP,A,IRLT,PA,_Z,_Z,_Z,5.846537217412216
2011,ESP,A,IRLT,PA,_Z,_Z,_Z,5.43689422551768
2010,ESP,A,IRLT,PA,_Z,_Z,_Z,4.250000898780218
2009,ESP,A,IRLT,PA,_Z,_Z,_Z,3.974298244169383
2008,ESP,A,IRLT,PA,_Z,_Z,_Z,4.363732246000475
2007,ESP,A,IRLT,PA,_Z,_Z,_Z,4.306626640552206
2024,ESP,A,UNEMP,PT_LF,_T,Y,_Z,11.358333333333334
2023,ESP,A,UNEMP,PT_LF,_T,Y,_Z,12.191666666666666
2022,ESP,A,UNEMP,PT_LF,_T,Y,_Z,13.033333333333333
2021,ESP,A,UNEMP,PT_LF,_T,Y,_Z,14.933333333333335
2020,ESP,A,UNEMP,PT_LF,_T,Y,_Z,15.5333333333333
2019,ESP,A,UNEMP,PT_LF,_T,Y,_Z,14.1083333333333
2018,ESP,A,UNEMP,PT_LF,_T,Y,_Z,15.2666666666667
2017,ESP,A,UNEMP,PT_LF,_T,Y,_Z,17.2333333333333
2016,ESP,A,UNEMP,PT_LF,_T,Y,_Z,19.65
2015,ESP,A,UNEMP,PT_LF,_T,Y,_Z,22.075
2014,ESP,A,UNEMP,PT_LF,_T,Y,_Z,24.45
2013,ESP,A,UNEMP,PT_LF,_T,Y,_Z,26.1166666666667
2012,ESP,A,UNEMP,PT_LF,_T,Y,_Z,24.7916666666667
2011,ESP,A,UNEMP,PT_LF,_T,Y,_Z,21.4083333333333
2010,ESP,A,UNEMP,PT_LF,_T,Y,_Z,19.875
2009,ESP,A,UNEMP,PT_LF,_T,Y,_Z,17.8666666666667
2008,ESP,A,UNEMP,PT_LF,_T,Y,_Z,11.2666666666667
2007,ESP,A,UNEMP,PT_LF,_T,Y,_Z,8.225
2006,ESP,A,UNEMP,PT_LF,_T,Y,_Z,8.45833333333334
2005,ESP,A,UNEMP,PT_LF,_T,Y,_Z,9.16666666666667
2004,ESP,A,UNEMP,PT_LF,_T,Y,_Z,10.9583333333333
2003,ESP,A,UNEMP,PT_LF,_T,Y,_Z,11.4916666666667
2002,ESP,A,UNEMP,PT_LF,_T,Y,_Z,11.4416666666667
2024,SWE,A,IRLT,PA,_Z,_Z,_Z,2.20027
2023,SWE,A,IRLT,PA,_Z,_Z,_Z,2.509334166666667
2006,SWE,A,IRLT,PA,_Z,_Z,_Z,3.70416666666667
2010,BRA,A,IRLT,PA,_Z,_Z,_Z,6
2009,BRA,A,IRLT,PA,_Z,_Z,_Z,6.125
2008,BRA,A,IRLT,PA,_Z,_Z,_Z,6.25
2007,BRA,A,IRLT,PA,_Z,_Z,_Z,6.375
2006,BRA,A,IRLT,PA,_Z,_Z,_Z,7.875
2022,CHN,A,IRLT,PA,_Z,_Z,_Z,2.76418333333333
2021,CHN,A,IRLT,PA,_Z,_Z,_Z,3.00553333333333
2020,CHN,A,IRLT,PA,_Z,_Z,_Z,2.92443333333333
2019,CHN,A,IRLT,PA,_Z,_Z,_Z,3.1813
2018,CHN,A,IRLT,PA,_Z,_Z,_Z,3.57916666666667
2017,CHN,A,IRLT,PA,_Z,_Z,_Z,3.59166666666667
2016,CHN,A,IRLT,PA,_Z,_Z,_Z,2.85006666666667
2015,CHN,A,IRLT,PA,_Z,_Z,_Z,3.33388333333333
2014,CHN,A,IRLT,PA,_Z,_Z,_Z,4.10411666666667
2024,CHN,A,IRLT,PA,_Z,_Z,_Z,2.181666666666666
2004,HRV,A,UNEMP,PT_LF,_T,Y,_Z,13.858333333333334
2003,HRV,A,UNEMP,PT_LF,_T,Y,_Z,14.075000000000001
2002,HRV,A,UNEMP,PT_LF,_T,Y,_Z,15.291666666666664
2011,HRV,A,IRLT,PA,_Z,_Z,_Z,6.53916666666667
2010,HRV,A,IRLT,PA,_Z,_Z,_Z,6.265
2009,HRV,A,IRLT,PA,_Z,_Z,_Z,7.8325
2008,HRV,A,IRLT,PA,_Z,_Z,_Z,6.04166666666667
2007,HRV,A,IRLT,PA,_Z,_Z,_Z,4.93333333333333
2006,HRV,A,IRLT,PA,_Z,_Z,_Z,4.43
2001,HRV,A,UNEMP,PT_LF,_T,Y,_Z,16
2000,HRV,A,UNEMP,PT_LF,_T,Y,_Z,15.591666666666663
2024,HRV,A,IRLT,PA,_Z,_Z,_Z,3.31
2023,HRV,A,IRLT,PA,_Z,_Z,_Z,3.795833333333334
2022,HRV,A,IRLT,PA,_Z,_Z,_Z,2.69583333333333
2021,HRV,A,IRLT,PA,_Z,_Z,_Z,0.4475
2020,HRV,A,IRLT,PA,_Z,_Z,_Z,0.833333333333334
2019,HRV,A,IRLT,PA,_Z,_Z,_Z,1.2875
2018,HRV,A,IRLT,PA,_Z,_Z,_Z,2.1725
2017,HRV,A,IRLT,PA,_Z,_Z,_Z,2.7675
2016,HRV,A,IRLT,PA,_Z,_Z,_Z,3.475
2015,HRV,A,IRLT,PA,_Z,_Z,_Z,3.52666666666667
2014,HRV,A,IRLT,PA,_Z,_Z,_Z,4.05083333333333
2013,HRV,A,IRLT,PA,_Z,_Z,_Z,4.68083333333333
2012,HRV,A,IRLT,PA,_Z,_Z,_Z,6.12916666666667
2024,HRV,A,UNEMP,PT_LF,_T,Y,_Z,5.008333333333334
2023,HRV,A,UNEMP,PT_LF,_T,Y,_Z,6.066666666666666
2022,HRV,A,UNEMP,PT_LF,_T,Y,_Z,6.7250000000000005
2002,CHE,A,IRLT,PA,_Z,_Z,_Z,3.19891666666667
2001,CHE,A,IRLT,PA,_Z,_Z,_Z,3.38175
2000,CHE,A,IRLT,PA,_Z,_Z,_Z,3.92508333333333
2024,CHE,A,UNEMP,PT_LF,_T,Y,_Z,4.340684197576865
2023,CHE,A,UNEMP,PT_LF,_T,Y,_Z,4.0431936571223694
2022,CHE,A,UNEMP,PT_LF,_T,Y,_Z,4.123311167521486
2021,CHE,A,UNEMP,PT_LF,_T,Y,_Z,5.015058236729323
2019,CHE,A,UNEMP,PT_LF,_T,Y,_Z,4.394451842306626
2018,CHE,A,UNEMP,PT_LF,_T,Y,_Z,4.714413963724699
2017,CHE,A,UNEMP,PT_LF,_T,Y,_Z,4.797587531576728
2024,CHE,A,IRLT,PA,_Z,_Z,_Z,0.5693333333333332
2023,CHE,A,IRLT,PA,_Z,_Z,_Z,1.0304999999999997
2022,CHE,A,IRLT,PA,_Z,_Z,_Z,0.8288333333333333
2021,CHE,A,IRLT,PA,_Z,_Z,_Z,-0.23225
2020,CHE,A,IRLT,PA,_Z,_Z,_Z,-0.523833333333333
2019,CHE,A,IRLT,PA,_Z,_Z,_Z,-0.489
2018,CHE,A,IRLT,PA,_Z,_Z,_Z,0.0331666666666667
2017,CHE,A,IRLT,PA,_Z,_Z,_Z,-0.0720833333333333
2016,CHE,A,IRLT,PA,_Z,_Z,_Z,-0.362
2015,CHE,A,IRLT,PA,_Z,_Z,_Z,-0.06866666666666667
2014,CHE,A,IRLT,PA,_Z,_Z,_Z,0.6927500000000001
2013,CHE,A,IRLT,PA,_Z,_Z,_Z,0.9493333333333333
2012,CHE,A,IRLT,PA,_Z,_Z,_Z,0.6454166666666666
2014,TUR,A,UNEMP,PT_LF,_T,Y,_Z,9.883333333333335
2012,TUR,A,UNEMP,PT_LF,_T,Y,_Z,8.43333333333333
2011,TUR,A,UNEMP,PT_LF,_T,Y,_Z,9.14166666666666
2010,TUR,A,UNEMP,PT_LF,_T,Y,_Z,11.15
2009,TUR,A,UNEMP,PT_LF,_T,Y,_Z,13.0416666666667
2008,TUR,A,UNEMP,PT_LF,_T,Y,_Z,10.025
2007,TUR,A,UNEMP,PT_LF,_T,Y,_Z,9.15833333333333
2005,TUR,A,UNEMP,PT_LF,_T,Y,_Z,9.50833333333334
2024,TUR,A,UNEMP,PT_LF,_T,Y,_Z,8.741666666666665
2023,TUR,A,UNEMP,PT_LF,_T,Y,_Z,9.391666666666666
2022,TUR,A,UNEMP,PT_LF,_T,Y,_Z,10.4833333333333
2021,TUR,A,UNEMP,PT_LF,_T,Y,_Z,12.0333333333333
2020,TUR,A,UNEMP,PT_LF,_T,Y,_Z,13.1416666666667
2019,TUR,A,UNEMP,PT_LF,_T,Y,_Z,13.741666666666665
2018,TUR,A,UNEMP,PT_LF,_T,Y,_Z,10.891666666666667
2017,TUR,A,UNEMP,PT_LF,_T,Y,_Z,10.925
2016,TUR,A,UNEMP,PT_LF,_T,Y,_Z,10.9083333333333
2000,GBR,A,UNEMP,PT_LF,_T,Y,_Z,5.45
2024,GBR,A,IRLT,PA,_Z,_Z,_Z,4.144241666666667
2023,GBR,A,IRLT,PA,_Z,_Z,_Z,4.0583
2006,GBR,A,IRLT,PA,_Z,_Z,_Z,4.501675
2005,GBR,A,IRLT,PA,_Z,_Z,_Z,4.41389166666667
2004,GBR,A,IRLT,PA,_Z,_Z,_Z,4.88226666666667
2003,GBR,A,IRLT,PA,_Z,_Z,_Z,4.52659166666667
2002,GBR,A,IRLT,PA,_Z,_Z,_Z,4.89424166666667
2001,GBR,A,IRLT,PA,_Z,_Z,_Z,4.9295
2000,GBR,A,IRLT,PA,_Z,_Z,_Z,5.328975
2022,GBR,A,IRLT,PA,_Z,_Z,_Z,2.44729166666667
2021,GBR,A,IRLT,PA,_Z,_Z,_Z,0.787608333333334
2020,GBR,A,IRLT,PA,_Z,_Z,_Z,0.374441666666667
2019,GBR,A,IRLT,PA,_Z,_Z,_Z,0.935825
2018,GBR,A,IRLT,PA,_Z,_Z,_Z,1.46065833333333
2017,GBR,A,IRLT,PA,_Z,_Z,_Z,1.23580833333333
2016,GBR,A,IRLT,PA,_Z,_Z,_Z,1.30520833333333
2015,GBR,A,IRLT,PA,_Z,_Z,_Z,1.90103333333333
2014,GBR,A,IRLT,PA,_Z,_Z,_Z,2.56908333333333
2013,GBR,A,IRLT,PA,_Z,_Z,_Z,2.38978333333333
2012,GBR,A,IRLT,PA,_Z,_Z,_Z,1.91804166666667
2011,GBR,A,IRLT,PA,_Z,_Z,_Z,3.13599166666667
2010,GBR,A,IRLT,PA,_Z,_Z,_Z,3.624425
2009,GBR,A,IRLT,PA,_Z,_Z,_Z,3.64751666666667
2008,GBR,A,IRLT,PA,_Z,_Z,_Z,4.590725
2007,GBR,A,IRLT,PA,_Z,_Z,_Z,5.011275
2024,GBR,A,UNEMP,PT_LF,_T,Y,_Z,4.2749999999999995
2023,GBR,A,UNEMP,PT_LF,_T,Y,_Z,4.05
2022,GBR,A,UNEMP,PT_LF,_T,Y,_Z,3.8000000000000003
2021,GBR,A,UNEMP,PT_LF,_T,Y,_Z,4.55
2020,GBR,A,UNEMP,PT_LF,_T,Y,_Z,4.6
2019,GBR,A,UNEMP,PT_LF,_T,Y,_Z,3.825
2018,GBR,A,UNEMP,PT_LF,_T,Y,_Z,4.1
2017,GBR,A,UNEMP,PT_LF,_T,Y,_Z,4.425
2016,GBR,A,UNEMP,PT_LF,_T,Y,_Z,4.9
2015,GBR,A,UNEMP,PT_LF,_T,Y,_Z,5.35
2014,GBR,A,UNEMP,PT_LF,_T,Y,_Z,6.175
2013,GBR,A,UNEMP,PT_LF,_T,Y,_Z,7.6
2012,GBR,A,UNEMP,PT_LF,_T,Y,_Z,7.975
2011,GBR,A,UNEMP,PT_LF,_T,Y,_Z,8.125
2010,GBR,A,UNEMP,PT_LF,_T,Y,_Z,7.875
2009,GBR,A,UNEMP,PT_LF,_T,Y,_Z,7.625
2008,GBR,A,UNEMP,PT_LF,_T,Y,_Z,5.7
2007,GBR,A,UNEMP,PT_LF,_T,Y,_Z,5.325
2006,GBR,A,UNEMP,PT_LF,_T,Y,_Z,5.425
2005,GBR,A,UNEMP,PT_LF,_T,Y,_Z,4.8
2004,GBR,A,UNEMP,PT_LF,_T,Y,_Z,4.75
2003,GBR,A,UNEMP,PT_LF,_T,Y,_Z,5.025
2002,GBR,A,UNEMP,PT_LF,_T,Y,_Z,5.175
2000,USA,A,IRLT,PA,_Z,_Z,_Z,6.02916666666667
2024,USA,A,UNEMP,PT_LF,_T,Y,_Z,4.016666666666667
2023,USA,A,UNEMP,PT_LF,_T,Y,_Z,3.63333333333333
2006,USA,A,UNEMP,PT_LF,_T,Y,_Z,4.61666666666667
2005,USA,A,UNEMP,PT_LF,_T,Y,_Z,5.06666666666667
2004,USA,A,UNEMP,PT_LF,_T,Y,_Z,5.53333333333333
2003,USA,A,UNEMP,PT_LF,_T,Y,_Z,5.99166666666667
2004,ISL,A,IRLT,PA,_Z,_Z,_Z,3.825
2001,IRL,A,IRLT,PA,_Z,_Z,_Z,5.011666666666667
2001,ISR,A,UNEMP,PT_LF,_T,Y,_Z,9.34813389125
2001,ITA,A,IRLT,PA,_Z,_Z,_Z,5.18875
2001,JPN,A,IRLT,PA,_Z,_Z,_Z,1.319
2002,KOR,A,IRLT,PA,_Z,_Z,_Z,6.58666666666667
2002,LVA,A,UNEMP,PT_LF,_T,Y,_Z,12.4916666666667
2002,LTU,A,UNEMP,PT_LF,_T,Y,_Z,13.775
2001,LUX,A,UNEMP,PT_LF,_T,Y,_Z,1.9
2003,MEX,A,IRLT,PA,_Z,_Z,_Z,8.98166666666667
2001,NLD,A,IRLT,PA,_Z,_Z,_Z,4.957
2001,NZL,A,UNEMP,PT_LF,_T,Y,_Z,5.45
2001,NOR,A,IRLT,PA,_Z,_Z,_Z,6.23666666666667
2002,POL,A,UNEMP,PT_LF,_T,Y,_Z,20.0333333333333
2001,PRT,A,UNEMP,PT_LF,_T,Y,_Z,5.375
2002,SVK,A,IRLT,PA,_Z,_Z,_Z,6.93437321914981
2004,SVN,A,IRLT,PA,_Z,_Z,_Z,4.68333333333333
2001,ESP,A,UNEMP,PT_LF,_T,Y,_Z,10.5583333333333
2001,SWE,A,UNEMP,PT_LF,_T,Y,_Z,5.825
2011,CHE,A,IRLT,PA,_Z,_Z,_Z,1.4713333333333332
2015,TUR,A,UNEMP,PT_LF,_T,Y,_Z,10.3333333333333
2001,GBR,A,UNEMP,PT_LF,_T,Y,_Z,5.075
2001,USA,A,IRLT,PA,_Z,_Z,_Z,5.0175
2008,G7,A,UNEMP,PT_LF,_T,Y,_Z,5.849051642273181
2008,EA19,A,IRLT,PA,_Z,_Z,_Z,4.356011773123314
2008,EA20,A,UNEMP,PT_LF,_T,Y,_Z,7.683333333333334
2008,EU27_2020,A,UNEMP,PT_LF,_T,Y,_Z,7.33333333333333
2024,BRA,A,IRLT,PA,_Z,_Z,_Z,6.885000000000001
2023,CHN,A,IRLT,PA,_Z,_Z,_Z,2.715
2005,HRV,A,UNEMP,PT_LF,_T,Y,_Z,13.024999999999997
2021,IND,A,IRLT,PA,_Z,_Z,_Z,6.2575
2021,IDN,A,IRLT,PA,_Z,_Z,_Z,6.36295066666667
2009,RUS,A,IRLT,PA,_Z,_Z,_Z,9.87416666666666
2024,ZAF,A,IRLT,PA,_Z,_Z,_Z,11.169625952232359
2022,G7,A,UNEMP,PT_LF,_T,Y,_Z,4.072070117198641
2021,G7,A,UNEMP,PT_LF,_T,Y,_Z,5.210286529632819
2020,G7,A,UNEMP,PT_LF,_T,Y,_Z,6.469186206507533
2019,G7,A,UNEMP,PT_LF,_T,Y,_Z,4.263571981120257
2018,G7,A,UNEMP,PT_LF,_T,Y,_Z,4.527357679163505
2017,G7,A,UNEMP,PT_LF,_T,Y,_Z,4.970182921673441
2016,G7,A,UNEMP,PT_LF,_T,Y,_Z,5.4402935554623255
2015,G7,A,UNEMP,PT_LF,_T,Y,_Z,5.790087241895875
2014,G7,A,UNEMP,PT_LF,_T,Y,_Z,6.369598568770276
2013,G7,A,UNEMP,PT_LF,_T,Y,_Z,7.086744314361279
2012,G7,A,UNEMP,PT_LF,_T,Y,_Z,7.359087725092653
2010,G7,A,UNEMP,PT_LF,_T,Y,_Z,8.13257941647156
2009,G7,A,UNEMP,PT_LF,_T,Y,_Z,7.975758473092299
2007,EA19,A,IRLT,PA,_Z,_Z,_Z,4.331703118842147
2024,EA19,A,IRLT,PA,_Z,_Z,_Z,2.9753045525884274
2023,EA19,A,IRLT,PA,_Z,_Z,_Z,3.2651337549468202
2006,EA19,A,IRLT,PA,_Z,_Z,_Z,3.859515120071054
2005,EA19,A,IRLT,PA,_Z,_Z,_Z,3.440874557806323
2004,EA19,A,IRLT,PA,_Z,_Z,_Z,4.1407924386559705
2003,EA19,A,IRLT,PA,_Z,_Z,_Z,4.160853548714631
2002,EA19,A,IRLT,PA,_Z,_Z,_Z,4.922899887267866
2001,EA19,A,IRLT,PA,_Z,_Z,_Z,5.027295445915677
2000,EA19,A,IRLT,PA,_Z,_Z,_Z,5.438876984119141
2022,EA19,A,IRLT,PA,_Z,_Z,_Z,2.0414499541188214
2021,EA19,A,IRLT,PA,_Z,_Z,_Z,0.1997002941246709
2020,EA19,A,IRLT,PA,_Z,_Z,_Z,0.21358275847042338
2019,EA19,A,IRLT,PA,_Z,_Z,_Z,0.5846146423097723
2018,EA19,A,IRLT,PA,_Z,_Z,_Z,1.264052862661183
2017,EA19,A,IRLT,PA,_Z,_Z,_Z,1.1707339183570469
2016,EA19,A,IRLT,PA,_Z,_Z,_Z,0.9285653925319499
2015,EA19,A,IRLT,PA,_Z,_Z,_Z,1.2674750644034243
2014,EA19,A,IRLT,PA,_Z,_Z,_Z,2.2813497115547223
2013,EA19,A,IRLT,PA,_Z,_Z,_Z,3.0117758761688798
2012,EA19,A,IRLT,PA,_Z,_Z,_Z,3.047650890144102
2011,EA19,A,IRLT,PA,_Z,_Z,_Z,4.307952424780864
2010,EA19,A,IRLT,PA,_Z,_Z,_Z,3.7814044859142864
2009,EA19,A,IRLT,PA,_Z,_Z,_Z,4.028616390100684
2007,EA20,A,UNEMP,PT_LF,_T,Y,_Z,7.63333333333333
2024,EA20,A,UNEMP,PT_LF,_T,Y,_Z,6.358333333333333
2023,EA20,A,UNEMP,PT_LF,_T,Y,_Z,6.55
2006,EA20,A,UNEMP,PT_LF,_T,Y,_Z,8.525
2005,EA20,A,UNEMP,PT_LF,_T,Y,_Z,9.283333333333335
2004,EA20,A,UNEMP,PT_LF,_T,Y,_Z,9.43333333333333
2003,EA20,A,UNEMP,PT_LF,_T,Y,_Z,9.175
2002,EA20,A,UNEMP,PT_LF,_T,Y,_Z,8.6
2001,EA20,A,UNEMP,PT_LF,_T,Y,_Z,8.30833333333333
2000,EA20,A,UNEMP,PT_LF,_T,Y,_Z,8.88333333333333
2022,EA20,A,UNEMP,PT_LF,_T,Y,_Z,6.758333333333333
2021,EA20,A,UNEMP,PT_LF,_T,Y,_Z,7.758333333333334
2020,EA20,A,UNEMP,PT_LF,_T,Y,_Z,7.933333333333334
2019,EA20,A,UNEMP,PT_LF,_T,Y,_Z,7.6
2018,EA20,A,UNEMP,PT_LF,_T,Y,_Z,8.23333333333333
2017,EA20,A,UNEMP,PT_LF,_T,Y,_Z,9.133333333333333
2016,EA20,A,UNEMP,PT_LF,_T,Y,_Z,10.1083333333333
2015,EA20,A,UNEMP,PT_LF,_T,Y,_Z,10.983333333333334
2014,EA20,A,UNEMP,PT_LF,_T,Y,_Z,11.7333333333333
2013,EA20,A,UNEMP,PT_LF,_T,Y,_Z,12.1583333333333
2012,EA20,A,UNEMP,PT_LF,_T,Y,_Z,11.5
2011,EA20,A,UNEMP,PT_LF,_T,Y,_Z,10.291666666666668
2010,EA20,A,UNEMP,PT_LF,_T,Y,_Z,10.283333333333333
2009,EA20,A,UNEMP,PT_LF,_T,Y,_Z,9.65833333333333
2007,EU27_2020,A,UNEMP,PT_LF,_T,Y,_Z,7.55833333333333
2024,EU27_2020,A,UNEMP,PT_LF,_T,Y,_Z,5.933333333333334
2023,EU27_2020,A,UNEMP,PT_LF,_T,Y,_Z,6.041666666666667
2006,EU27_2020,A,UNEMP,PT_LF,_T,Y,_Z,8.75833333333333
2005,EU27_2020,A,UNEMP,PT_LF,_T,Y,_Z,9.71666666666667
2004,EU27_2020,A,UNEMP,PT_LF,_T,Y,_Z,10.0083333333333
2003,EU27_2020,A,UNEMP,PT_LF,_T,Y,_Z,9.85
2002,EU27_2020,A,UNEMP,PT_LF,_T,Y,_Z,9.05
2001,EU27_2020,A,UNEMP,PT_LF,_T,Y,_Z,8.73333333333333
2000,EU27_2020,A,UNEMP,PT_LF,_T,Y,_Z,8.98333333333334
2022,EU27_2020,A,UNEMP,PT_LF,_T,Y,_Z,6.15833333333333
2021,EU27_2020,A,UNEMP,PT_LF,_T,Y,_Z,7.05
2020,EU27_2020,A,UNEMP,PT_LF,_T,Y,_Z,7.2
2019,EU27_2020,A,UNEMP,PT_LF,_T,Y,_Z,6.80833333333333
2018,EU27_2020,A,UNEMP,PT_LF,_T,Y,_Z,7.39166666666667
2017,EU27_2020,A,UNEMP,PT_LF,_T,Y,_Z,8.266666666666667
2016,EU27_2020,A,UNEMP,PT_LF,_T,Y,_Z,9.266666666666666
2015,EU27_2020,A,UNEMP,PT_LF,_T,Y,_Z,10.1833333333333
2014,EU27_2020,A,UNEMP,PT_LF,_T,Y,_Z,11
2013,EU27_2020,A,UNEMP,PT_LF,_T,Y,_Z,11.575
2012,EU27_2020,A,UNEMP,PT_LF,_T,Y,_Z,11.0583333333333
2011,EU27_2020,A,UNEMP,PT_LF,_T,Y,_Z,10.075
2010,EU27_2020,A,UNEMP,PT_LF,_T,Y,_Z,10.0833333333333
2009,EU27_2020,A,UNEMP,PT_LF,_T,Y,_Z,9.30833333333333
2023,BRA,A,IRLT,PA,_Z,_Z,_Z,7.05
2022,BRA,A,IRLT,PA,_Z,_Z,_Z,6.7775
2021,BRA,A,IRLT,PA,_Z,_Z,_Z,4.8
2005,BRA,A,IRLT,PA,_Z,_Z,_Z,9.75
2004,BRA,A,IRLT,PA,_Z,_Z,_Z,9.8125
2003,BRA,A,IRLT,PA,_Z,_Z,_Z,11.5
2002,BRA,A,IRLT,PA,_Z,_Z,_Z,9.875
2001,BRA,A,IRLT,PA,_Z,_Z,_Z,9.5
2000,BRA,A,IRLT,PA,_Z,_Z,_Z,10.75
2020,BRA,A,IRLT,PA,_Z,_Z,_Z,4.8725
2019,BRA,A,IRLT,PA,_Z,_Z,_Z,6.2025
2018,BRA,A,IRLT,PA,_Z,_Z,_Z,6.7225
2017,BRA,A,IRLT,PA,_Z,_Z,_Z,7.125
2016,BRA,A,IRLT,PA,_Z,_Z,_Z,7.5
2015,BRA,A,IRLT,PA,_Z,_Z,_Z,6.25
2014,BRA,A,IRLT,PA,_Z,_Z,_Z,5
2013,BRA,A,IRLT,PA,_Z,_Z,_Z,5
2012,BRA,A,IRLT,PA,_Z,_Z,_Z,5.75
2011,BRA,A,IRLT,PA,_Z,_Z,_Z,6
2005,OECD,A,UNEMP,PT_LF,_T,Y,_Z,6.863668352806746
2003,ITA,A,UNEMP,PT_LF,_T,Y,_Z,8.43333333333333
2018,HRV,A,UNEMP,PT_LF,_T,Y,_Z,8.300000000000002
2024,OECD,A,UNEMP,PT_LF,_T,Y,_Z,4.920364956250535
2023,OECD,A,UNEMP,PT_LF,_T,Y,_Z,4.843585906096113
2022,OECD,A,UNEMP,PT_LF,_T,Y,_Z,5.012082567781805
2021,OECD,A,UNEMP,PT_LF,_T,Y,_Z,6.170550595716091
2020,OECD,A,UNEMP,PT_LF,_T,Y,_Z,7.158877782773949
2019,OECD,A,UNEMP,PT_LF,_T,Y,_Z,5.414475253443722
2018,OECD,A,UNEMP,PT_LF,_T,Y,_Z,5.491903956689396
2017,OECD,A,UNEMP,PT_LF,_T,Y,_Z,5.941404139423396
2016,OECD,A,UNEMP,PT_LF,_T,Y,_Z,6.470901486432599
2015,OECD,A,UNEMP,PT_LF,_T,Y,_Z,6.889600826503634
2014,OECD,A,UNEMP,PT_LF,_T,Y,_Z,7.4554950694323265
2013,OECD,A,UNEMP,PT_LF,_T,Y,_Z,8.015203483639974
2012,OECD,A,UNEMP,PT_LF,_T,Y,_Z,8.108548828585413
2011,OECD,A,UNEMP,PT_LF,_T,Y,_Z,8.127051033789398
2010,OECD,A,UNEMP,PT_LF,_T,Y,_Z,8.53517554931618
2009,OECD,A,UNEMP,PT_LF,_T,Y,_Z,8.313581752422861
2008,OECD,A,UNEMP,PT_LF,_T,Y,_Z,6.188177412853693
2007,OECD,A,UNEMP,PT_LF,_T,Y,_Z,5.858506168204658
2006,OECD,A,UNEMP,PT_LF,_T,Y,_Z,6.35315996297968
2004,MEX,A,UNEMP,PT_LF,_T,Y,_Z,3.91583333333333
2020,MEX,A,UNEMP,PT_LF,_T,Y,_Z,4.43163393916667
2002,NLD,A,UNEMP,PT_LF,_T,Y,_Z,3.66666666666667
2005,NOR,A,UNEMP,PT_LF,_T,Y,_Z,4.525
2008,POL,A,UNEMP,PT_LF,_T,Y,_Z,7.04166666666667
2008,SVK,A,UNEMP,PT_LF,_T,Y,_Z,9.575
2000,SWE,A,UNEMP,PT_LF,_T,Y,_Z,5.6
2018,SWE,A,UNEMP,PT_LF,_T,Y,_Z,6.475
2005,SWE,A,UNEMP,PT_LF,_T,Y,_Z,7.78333333333333
2020,CHE,A,UNEMP,PT_LF,_T,Y,_Z,4.815327954899376
2013,TUR,A,UNEMP,PT_LF,_T,Y,_Z,9.05
2006,TUR,A,UNEMP,PT_LF,_T,Y,_Z,9.06666666666667
2003,G7,A,UNEMP,PT_LF,_T,Y,_Z,6.645558369484623
2003,AUT,A,UNEMP,PT_LF,_T,Y,_Z,4.75833333333333
2008,BEL,A,UNEMP,PT_LF,_T,Y,_Z,6.975
2008,EST,A,UNEMP,PT_LF,_T,Y,_Z,5.51666666666667
2008,FIN,A,UNEMP,PT_LF,_T,Y,_Z,6.36666666666667
2002,FRA,A,UNEMP,PT_LF,_T,Y,_Z,8.63333333333333
2008,HUN,A,UNEMP,PT_LF,_T,Y,_Z,7.8
2002,G7,A,UNEMP,PT_LF,_T,Y,_Z,6.481950639385693
2011,G7,A,UNEMP,PT_LF,_T,Y,_Z,7.627039746769145
2011,ISR,A,UNEMP,PT_LF,_T,Y,_Z,5.6023763075
2017,HRV,A,UNEMP,PT_LF,_T,Y,_Z,10.941666666666668
2016,HRV,A,UNEMP,PT_LF,_T,Y,_Z,13.274999999999999
2015,HRV,A,UNEMP,PT_LF,_T,Y,_Z,16.091666666666665
2014,HRV,A,UNEMP,PT_LF,_T,Y,_Z,17.200000000000003
2013,HRV,A,UNEMP,PT_LF,_T,Y,_Z,17.425
2012,HRV,A,UNEMP,PT_LF,_T,Y,_Z,15.883333333333333
2011,HRV,A,UNEMP,PT_LF,_T,Y,_Z,13.666666666666666
2010,HRV,A,UNEMP,PT_LF,_T,Y,_Z,11.75
2009,HRV,A,UNEMP,PT_LF,_T,Y,_Z,9.291666666666666
2008,HRV,A,UNEMP,PT_LF,_T,Y,_Z,8.583333333333334
2007,HRV,A,UNEMP,PT_LF,_T,Y,_Z,9.933333333333332
2006,HRV,A,UNEMP,PT_LF,_T,Y,_Z,11.658333333333333
2020,IND,A,IRLT,PA,_Z,_Z,_Z,6.191666666666666
2019,IND,A,IRLT,PA,_Z,_Z,_Z,6.996666666666666
2018,IND,A,IRLT,PA,_Z,_Z,_Z,7.704166666666667
2017,IND,A,IRLT,PA,_Z,_Z,_Z,6.922499999999999
2016,IND,A,IRLT,PA,_Z,_Z,_Z,7.205000000000001
2015,IND,A,IRLT,PA,_Z,_Z,_Z,7.776666666666667
2014,IND,A,IRLT,PA,_Z,_Z,_Z,8.586666666666666
2013,IND,A,IRLT,PA,_Z,_Z,_Z,8.109166666666665
2012,IND,A,IRLT,PA,_Z,_Z,_Z,8.26
2024,IND,A,IRLT,PA,_Z,_Z,_Z,6.976666666666667
2023,IND,A,IRLT,PA,_Z,_Z,_Z,7.218333333333331
2022,IND,A,IRLT,PA,_Z,_Z,_Z,7.191666666666666
2020,IDN,A,IRLT,PA,_Z,_Z,_Z,6.90489558333333
2019,IDN,A,IRLT,PA,_Z,_Z,_Z,7.4653
2018,IDN,A,IRLT,PA,_Z,_Z,_Z,7.4575
2017,IDN,A,IRLT,PA,_Z,_Z,_Z,6.87833333333333
2016,IDN,A,IRLT,PA,_Z,_Z,_Z,7.63833333333333
2015,IDN,A,IRLT,PA,_Z,_Z,_Z,8.22166666666666
2014,IDN,A,IRLT,PA,_Z,_Z,_Z,8.13166666666667
2013,IDN,A,IRLT,PA,_Z,_Z,_Z,6.9875
2012,IDN,A,IRLT,PA,_Z,_Z,_Z,5.79583333333333
2024,IDN,A,IRLT,PA,_Z,_Z,_Z,6.793333333333333
2023,IDN,A,IRLT,PA,_Z,_Z,_Z,6.599999999999999
2022,IDN,A,IRLT,PA,_Z,_Z,_Z,6.9726535
2008,RUS,A,IRLT,PA,_Z,_Z,_Z,7.52333333333333
2007,RUS,A,IRLT,PA,_Z,_Z,_Z,6.7175
2006,RUS,A,IRLT,PA,_Z,_Z,_Z,6.97666666666667
2005,RUS,A,IRLT,PA,_Z,_Z,_Z,8.1075
2004,RUS,A,IRLT,PA,_Z,_Z,_Z,8.28916666666667
2003,RUS,A,IRLT,PA,_Z,_Z,_Z,9.115
2002,RUS,A,IRLT,PA,_Z,_Z,_Z,15.8241666666667
2001,RUS,A,IRLT,PA,_Z,_Z,_Z,19.3833333333333
2000,RUS,A,IRLT,PA,_Z,_Z,_Z,35.1633333333333
2017,RUS,A,IRLT,PA,_Z,_Z,_Z,8.9925
2016,RUS,A,IRLT,PA,_Z,_Z,_Z,10.4383333333333
2015,RUS,A,IRLT,PA,_Z,_Z,_Z,10.8866666666667
2014,RUS,A,IRLT,PA,_Z,_Z,_Z,8.46416666666666
2013,RUS,A,IRLT,PA,_Z,_Z,_Z,7.33083333333334
2012,RUS,A,IRLT,PA,_Z,_Z,_Z,8.15416666666666
2011,RUS,A,IRLT,PA,_Z,_Z,_Z,8.06083333333333
2010,RUS,A,IRLT,PA,_Z,_Z,_Z,7.83166666666667
2023,ZAF,A,IRLT,PA,_Z,_Z,_Z,11.623916691424043
2022,ZAF,A,IRLT,PA,_Z,_Z,_Z,10.736487212349054
2021,ZAF,A,IRLT,PA,_Z,_Z,_Z,9.78973226627174
2005,ZAF,A,IRLT,PA,_Z,_Z,_Z,8.067033910533912
2004,ZAF,A,IRLT,PA,_Z,_Z,_Z,9.51529322991823
2003,ZAF,A,IRLT,PA,_Z,_Z,_Z,9.61731799029854
2002,ZAF,A,IRLT,PA,_Z,_Z,_Z,11.508879253469638
2001,ZAF,A,IRLT,PA,_Z,_Z,_Z,11.4066666666667
2000,ZAF,A,IRLT,PA,_Z,_Z,_Z,13.7866666666667
2020,ZAF,A,IRLT,PA,_Z,_Z,_Z,10.073242320392549
2019,ZAF,A,IRLT,PA,_Z,_Z,_Z,9.07257479651038
2018,ZAF,A,IRLT,PA,_Z,_Z,_Z,9.12757642872002
2017,ZAF,A,IRLT,PA,_Z,_Z,_Z,9.054001690389075
2016,ZAF,A,IRLT,PA,_Z,_Z,_Z,9.016840595807702
2015,ZAF,A,IRLT,PA,_Z,_Z,_Z,8.159151388022096
2014,ZAF,A,IRLT,PA,_Z,_Z,_Z,8.243853396666898
2013,ZAF,A,IRLT,PA,_Z,_Z,_Z,7.719594125300076
2012,ZAF,A,IRLT,PA,_Z,_Z,_Z,7.90279884026051
2011,ZAF,A,IRLT,PA,_Z,_Z,_Z,8.514085009873169
2010,ZAF,A,IRLT,PA,_Z,_Z,_Z,8.615416258449153
2009,ZAF,A,IRLT,PA,_Z,_Z,_Z,8.691193971286362
2008,ZAF,A,IRLT,PA,_Z,_Z,_Z,9.091066614576626
2007,ZAF,A,IRLT,PA,_Z,_Z,_Z,7.987630577175973
2006,ZAF,A,IRLT,PA,_Z,_Z,_Z,7.934869262617326
2001,AUS,A,IRLT,PA,_Z,_Z,_Z,5.61526432833333
2001,AUT,A,IRLT,PA,_Z,_Z,_Z,5.08016666666667
2001,BEL,A,IRLT,PA,_Z,_Z,_Z,5.13083333333333
2001,CAN,A,UNEMP,PT_LF,_T,Y,_Z,7.21666666666667
2006,CHL,A,IRLT,PA,_Z,_Z,_Z,6.16
2011,COL,A,UNEMP,PT_LF,_T,Y,_Z,10.9916666666667
2022,CRI,A,IRLT,PA,_Z,_Z,_Z,8.018333333333333
2002,CZE,A,UNEMP,PT_LF,_T,Y,_Z,7.29166666666667
2001,DNK,A,IRLT,PA,_Z,_Z,_Z,5.07916666666667
2022,EST,A,UNEMP,PT_LF,_T,Y,_Z,5.575
2001,FIN,A,IRLT,PA,_Z,_Z,_Z,5.04333333333333
2001,FRA,A,IRLT,PA,_Z,_Z,_Z,4.939166666666666
2001,DEU,A,IRLT,PA,_Z,_Z,_Z,4.7965932489180405
